2026-09-14 09:52:18 [info] License key not found 
[32m2026-09-14 10:04:54 [info]  run static import                           [39m extra={"packageName":"@nocobase/plugin-backups"} meta={"packageName":"@nocobase/plugin-backups"} module=cli app=main dataSourceKey=main
[32m2026-09-14 10:05:05 [info]  run static import                           [39m extra={"packageName":"@nocobase/plugin-file-manager"} meta={"packageName":"@nocobase/plugin-file-manager"} module=cli app=main dataSourceKey=main
[32m2026-09-14 10:06:04 [info]  run static import                           [39m extra={"packageName":"@nocobase/plugin-multi-app-manager"} meta={"packageName":"@nocobase/plugin-multi-app-manager"} module=cli app=main dataSourceKey=main
[32m2026-09-14 10:06:06 [info]  App supervisor initialized                  [39m extra={"discoveryAdapter":"legacy","processAdapter":"legacy","commandAdapter":""} meta={"discoveryAdapter":"legacy","processAdapter":"legacy","commandAdapter":""} module=app-supervisor app=main dataSourceKey=main
[34m2026-09-14 10:06:12 [debug] Setting app status                          [39m extra={"appName":"main","status":"commanding"} meta={"appName":"main","status":"commanding"} module=app-supervisor app=main dataSourceKey=main
[34m2026-09-14 10:06:06 [debug] create database instance: {"sync":{"alter":{"drop":false},"force":false},"logging":false,"dialect":"mysql","username":"","database":"","port":"3306","timezone":"-05:00","underscored":false,"pool":{},"migrator":{"context":{"app":{"appName":"main","name":"main"}}},"logger":{},"rawTimezone":"-05:00"}[39m extra={"databaseInstanceId":"VCkNL3KgRVehtk3YBefDu"} meta={"databaseInstanceId":"VCkNL3KgRVehtk3YBefDu"} module=database app=main reqId=4e9c20f1-4c8c-4d5c-be29-461797d72cce dataSourceKey=main
[33m2026-09-14 10:06:14 [warn]  attempt 1/10: Unable to connect to the database: Access denied for user ''@'localhost' (using password: YES)[39m extra={"method":"auth"} module=database method=auth app=main reqId=4e9c20f1-4c8c-4d5c-be29-461797d72cce dataSourceKey=main
[33m2026-09-14 10:06:14 [warn]  will retry in 1000ms...                     [39m extra={"method":"auth"} module=database method=auth app=main reqId=4e9c20f1-4c8c-4d5c-be29-461797d72cce dataSourceKey=main
[33m2026-09-14 10:06:15 [warn]  attempt 2/10: Unable to connect to the database: Access denied for user ''@'localhost' (using password: YES)[39m extra={"method":"auth"} module=database method=auth app=main reqId=4e9c20f1-4c8c-4d5c-be29-461797d72cce dataSourceKey=main
[33m2026-09-14 10:06:15 [warn]  will retry in 2000ms...                     [39m extra={"method":"auth"} module=database method=auth app=main reqId=4e9c20f1-4c8c-4d5c-be29-461797d72cce dataSourceKey=main
[33m2026-09-14 10:06:18 [warn]  attempt 3/10: Unable to connect to the database: Access denied for user ''@'localhost' (using password: YES)[39m extra={"method":"auth"} module=database method=auth app=main reqId=4e9c20f1-4c8c-4d5c-be29-461797d72cce dataSourceKey=main
[33m2026-09-14 10:06:18 [warn]  will retry in 4000ms...                     [39m extra={"method":"auth"} module=database method=auth app=main reqId=4e9c20f1-4c8c-4d5c-be29-461797d72cce dataSourceKey=main
[33m2026-09-14 10:06:22 [warn]  attempt 4/10: Unable to connect to the database: Access denied for user ''@'localhost' (using password: YES)[39m extra={"method":"auth"} module=database method=auth app=main reqId=4e9c20f1-4c8c-4d5c-be29-461797d72cce dataSourceKey=main
[33m2026-09-14 10:06:22 [warn]  will retry in 8000ms...                     [39m extra={"method":"auth"} module=database method=auth app=main reqId=4e9c20f1-4c8c-4d5c-be29-461797d72cce dataSourceKey=main
[33m2026-09-14 10:06:30 [warn]  attempt 5/10: Unable to connect to the database: Access denied for user ''@'localhost' (using password: YES)[39m extra={"method":"auth"} module=database method=auth app=main reqId=4e9c20f1-4c8c-4d5c-be29-461797d72cce dataSourceKey=main
[33m2026-09-14 10:06:30 [warn]  will retry in 16000ms...                    [39m extra={"method":"auth"} module=database method=auth app=main reqId=4e9c20f1-4c8c-4d5c-be29-461797d72cce dataSourceKey=main
[33m2026-09-14 10:06:46 [warn]  attempt 6/10: Unable to connect to the database: Access denied for user ''@'localhost' (using password: YES)[39m extra={"method":"auth"} module=database method=auth app=main reqId=4e9c20f1-4c8c-4d5c-be29-461797d72cce dataSourceKey=main
[33m2026-09-14 10:06:46 [warn]  will retry in 32000ms...                    [39m extra={"method":"auth"} module=database method=auth app=main reqId=4e9c20f1-4c8c-4d5c-be29-461797d72cce dataSourceKey=main
[33m2026-09-14 10:07:16 [warn]  attempt 7/10: Unable to connect to the database: Access denied for user ''@'localhost' (using password: YES)[39m extra={"method":"auth"} module=database method=auth app=main reqId=4e9c20f1-4c8c-4d5c-be29-461797d72cce dataSourceKey=main
[33m2026-09-14 10:07:16 [warn]  will retry in 64000ms...                    [39m extra={"method":"auth"} module=database method=auth app=main reqId=4e9c20f1-4c8c-4d5c-be29-461797d72cce dataSourceKey=main
[33m2026-09-14 10:07:46 [warn]  attempt 8/10: Unable to connect to the database: Access denied for user ''@'localhost' (using password: YES)[39m extra={"method":"auth"} module=database method=auth app=main reqId=4e9c20f1-4c8c-4d5c-be29-461797d72cce dataSourceKey=main
[33m2026-09-14 10:07:46 [warn]  will retry in 128000ms...                   [39m extra={"method":"auth"} module=database method=auth app=main reqId=4e9c20f1-4c8c-4d5c-be29-461797d72cce dataSourceKey=main
[33m2026-09-14 10:08:17 [warn]  attempt 9/10: Unable to connect to the database: Access denied for user ''@'localhost' (using password: YES)[39m extra={"method":"auth"} module=database method=auth app=main reqId=4e9c20f1-4c8c-4d5c-be29-461797d72cce dataSourceKey=main
[33m2026-09-14 10:08:47 [warn]  attempt 10/10: Unable to connect to the database: Access denied for user ''@'localhost' (using password: YES)[39m extra={"method":"auth"} module=database method=auth app=main reqId=4e9c20f1-4c8c-4d5c-be29-461797d72cce dataSourceKey=main
[34m2026-09-14 10:08:47 [debug] Setting app status                          [39m extra={"appName":"main","status":"error"} meta={"appName":"main","status":"error"} module=app-supervisor app=main dataSourceKey=main
[32m2026-09-14 10:08:47 [info]  [queue] gracefully shutting down...         [39m module=application app=main reqId=4e9c20f1-4c8c-4d5c-be29-461797d72cce dataSourceKey=main
[34m2026-09-14 10:08:47 [debug] Setting app status                          [39m extra={"appName":"main","status":"stopped"} meta={"appName":"main","status":"stopped"} module=app-supervisor app=main dataSourceKey=main
[32m2026-09-14 11:02:43 [info]  run static import                           [39m extra={"packageName":"@nocobase/plugin-backups"} meta={"packageName":"@nocobase/plugin-backups"} module=cli app=main dataSourceKey=main
[32m2026-09-14 11:02:44 [info]  run static import                           [39m extra={"packageName":"@nocobase/plugin-file-manager"} meta={"packageName":"@nocobase/plugin-file-manager"} module=cli app=main dataSourceKey=main
[32m2026-09-14 11:02:48 [info]  run static import                           [39m extra={"packageName":"@nocobase/plugin-multi-app-manager"} meta={"packageName":"@nocobase/plugin-multi-app-manager"} module=cli app=main dataSourceKey=main
[32m2026-09-14 11:02:48 [info]  App supervisor initialized                  [39m extra={"discoveryAdapter":"legacy","processAdapter":"legacy","commandAdapter":""} meta={"discoveryAdapter":"legacy","processAdapter":"legacy","commandAdapter":""} module=app-supervisor app=main dataSourceKey=main
[34m2026-09-14 11:02:49 [debug] Setting app status                          [39m extra={"appName":"main","status":"commanding"} meta={"appName":"main","status":"commanding"} module=app-supervisor app=main dataSourceKey=main
[34m2026-09-14 11:02:48 [debug] create database instance: {"sync":{"alter":{"drop":false},"force":false},"logging":false,"dialect":"mysql","username":"","database":"","port":"3306","timezone":"-05:00","underscored":false,"pool":{},"migrator":{"context":{"app":{"appName":"main","name":"main"}}},"logger":{},"rawTimezone":"-05:00"}[39m extra={"databaseInstanceId":"77gBPW-4K0hZr0x0dxEc5"} meta={"databaseInstanceId":"77gBPW-4K0hZr0x0dxEc5"} module=database app=main reqId=5859c0c3-5776-4e07-801b-af2c9bf779d0 dataSourceKey=main
[33m2026-09-14 11:02:49 [warn]  attempt 1/10: Unable to connect to the database: Access denied for user ''@'localhost' (using password: YES)[39m extra={"method":"auth"} module=database method=auth app=main reqId=5859c0c3-5776-4e07-801b-af2c9bf779d0 dataSourceKey=main
[33m2026-09-14 11:02:49 [warn]  will retry in 1000ms...                     [39m extra={"method":"auth"} module=database method=auth app=main reqId=5859c0c3-5776-4e07-801b-af2c9bf779d0 dataSourceKey=main
[33m2026-09-14 11:02:50 [warn]  attempt 2/10: Unable to connect to the database: Access denied for user ''@'localhost' (using password: YES)[39m extra={"method":"auth"} module=database method=auth app=main reqId=5859c0c3-5776-4e07-801b-af2c9bf779d0 dataSourceKey=main
[33m2026-09-14 11:02:50 [warn]  will retry in 2000ms...                     [39m extra={"method":"auth"} module=database method=auth app=main reqId=5859c0c3-5776-4e07-801b-af2c9bf779d0 dataSourceKey=main
[33m2026-09-14 11:02:52 [warn]  attempt 3/10: Unable to connect to the database: Access denied for user ''@'localhost' (using password: YES)[39m extra={"method":"auth"} module=database method=auth app=main reqId=5859c0c3-5776-4e07-801b-af2c9bf779d0 dataSourceKey=main
[33m2026-09-14 11:02:52 [warn]  will retry in 4000ms...                     [39m extra={"method":"auth"} module=database method=auth app=main reqId=5859c0c3-5776-4e07-801b-af2c9bf779d0 dataSourceKey=main
[33m2026-09-14 11:02:56 [warn]  attempt 4/10: Unable to connect to the database: Access denied for user ''@'localhost' (using password: YES)[39m extra={"method":"auth"} module=database method=auth app=main reqId=5859c0c3-5776-4e07-801b-af2c9bf779d0 dataSourceKey=main
[33m2026-09-14 11:02:56 [warn]  will retry in 8000ms...                     [39m extra={"method":"auth"} module=database method=auth app=main reqId=5859c0c3-5776-4e07-801b-af2c9bf779d0 dataSourceKey=main
[33m2026-09-14 11:03:04 [warn]  attempt 5/10: Unable to connect to the database: Access denied for user ''@'localhost' (using password: YES)[39m extra={"method":"auth"} module=database method=auth app=main reqId=5859c0c3-5776-4e07-801b-af2c9bf779d0 dataSourceKey=main
[33m2026-09-14 11:03:04 [warn]  will retry in 16000ms...                    [39m extra={"method":"auth"} module=database method=auth app=main reqId=5859c0c3-5776-4e07-801b-af2c9bf779d0 dataSourceKey=main
[33m2026-09-14 11:03:20 [warn]  attempt 6/10: Unable to connect to the database: Access denied for user ''@'localhost' (using password: YES)[39m extra={"method":"auth"} module=database method=auth app=main reqId=5859c0c3-5776-4e07-801b-af2c9bf779d0 dataSourceKey=main
[33m2026-09-14 11:03:20 [warn]  will retry in 32000ms...                    [39m extra={"method":"auth"} module=database method=auth app=main reqId=5859c0c3-5776-4e07-801b-af2c9bf779d0 dataSourceKey=main
[33m2026-09-14 11:03:50 [warn]  attempt 7/10: Unable to connect to the database: Access denied for user ''@'localhost' (using password: YES)[39m extra={"method":"auth"} module=database method=auth app=main reqId=5859c0c3-5776-4e07-801b-af2c9bf779d0 dataSourceKey=main
[33m2026-09-14 11:03:50 [warn]  will retry in 64000ms...                    [39m extra={"method":"auth"} module=database method=auth app=main reqId=5859c0c3-5776-4e07-801b-af2c9bf779d0 dataSourceKey=main
[31m2026-09-14 11:04:19 [error]                                             [39m extra={"method":"responseErrorWithCode","code":"commanding","error":{"status":503,"maintaining":true,"message":"","command":{"name":"start"},"code":"APP_COMMANDING"},"statusCode":200,"appName":"main"} meta={"code":"commanding","error":{"status":503,"maintaining":true,"message":"","command":{"name":"start"},"code":"APP_COMMANDING"},"statusCode":200,"appName":"main"} module=gateway method=responseErrorWithCode app=main reqId=7935577b-499f-4a3d-a912-1465222fa253 dataSourceKey=main
[33m2026-09-14 11:04:20 [warn]  attempt 8/10: Unable to connect to the database: Access denied for user ''@'localhost' (using password: YES)[39m extra={"method":"auth"} module=database method=auth app=main reqId=5859c0c3-5776-4e07-801b-af2c9bf779d0 dataSourceKey=main
[33m2026-09-14 11:04:20 [warn]  will retry in 128000ms...                   [39m extra={"method":"auth"} module=database method=auth app=main reqId=5859c0c3-5776-4e07-801b-af2c9bf779d0 dataSourceKey=main
[33m2026-09-14 11:04:50 [warn]  attempt 9/10: Unable to connect to the database: Access denied for user ''@'localhost' (using password: YES)[39m extra={"method":"auth"} module=database method=auth app=main reqId=5859c0c3-5776-4e07-801b-af2c9bf779d0 dataSourceKey=main
[33m2026-09-14 11:05:20 [warn]  attempt 10/10: Unable to connect to the database: Access denied for user ''@'localhost' (using password: YES)[39m extra={"method":"auth"} module=database method=auth app=main reqId=5859c0c3-5776-4e07-801b-af2c9bf779d0 dataSourceKey=main
[34m2026-09-14 11:05:20 [debug] Setting app status                          [39m extra={"appName":"main","status":"error"} meta={"appName":"main","status":"error"} module=app-supervisor app=main dataSourceKey=main
[32m2026-09-14 11:10:11 [info]  run static import                           [39m extra={"packageName":"@nocobase/plugin-backups"} meta={"packageName":"@nocobase/plugin-backups"} module=cli app=main dataSourceKey=main
[32m2026-09-14 11:10:11 [info]  run static import                           [39m extra={"packageName":"@nocobase/plugin-file-manager"} meta={"packageName":"@nocobase/plugin-file-manager"} module=cli app=main dataSourceKey=main
[32m2026-09-14 11:10:16 [info]  run static import                           [39m extra={"packageName":"@nocobase/plugin-multi-app-manager"} meta={"packageName":"@nocobase/plugin-multi-app-manager"} module=cli app=main dataSourceKey=main
[32m2026-09-14 11:10:16 [info]  App supervisor initialized                  [39m extra={"discoveryAdapter":"legacy","processAdapter":"legacy","commandAdapter":""} meta={"discoveryAdapter":"legacy","processAdapter":"legacy","commandAdapter":""} module=app-supervisor app=main dataSourceKey=main
[34m2026-09-14 11:10:20 [debug] Setting app status                          [39m extra={"appName":"main","status":"commanding"} meta={"appName":"main","status":"commanding"} module=app-supervisor app=main dataSourceKey=main
[34m2026-09-14 11:10:19 [debug] create database instance: {"sync":{"alter":{"drop":false},"force":false},"logging":false,"dialect":"postgres","username":"neondb_owner","database":"neondb","port":"5432","timezone":"-05:00","underscored":false,"pool":{},"migrator":{"context":{"app":{"appName":"main","name":"main"}}},"logger":{},"rawTimezone":"-05:00"}[39m extra={"databaseInstanceId":"Mh6H5UOm0_QJu8XyvBRbF"} meta={"databaseInstanceId":"Mh6H5UOm0_QJu8XyvBRbF"} module=database app=main reqId=48d4d697-d2ec-4e08-a384-e0b6ea72d0fc dataSourceKey=main
[33m2026-09-14 11:10:20 [warn]  attempt 1/10: Unable to connect to the database: connection is insecure (try using `sslmode=require`)[39m extra={"method":"auth"} module=database method=auth app=main reqId=48d4d697-d2ec-4e08-a384-e0b6ea72d0fc dataSourceKey=main
[33m2026-09-14 11:10:20 [warn]  will retry in 1000ms...                     [39m extra={"method":"auth"} module=database method=auth app=main reqId=48d4d697-d2ec-4e08-a384-e0b6ea72d0fc dataSourceKey=main
[33m2026-09-14 11:10:21 [warn]  attempt 2/10: Unable to connect to the database: connection is insecure (try using `sslmode=require`)[39m extra={"method":"auth"} module=database method=auth app=main reqId=48d4d697-d2ec-4e08-a384-e0b6ea72d0fc dataSourceKey=main
[33m2026-09-14 11:10:21 [warn]  will retry in 2000ms...                     [39m extra={"method":"auth"} module=database method=auth app=main reqId=48d4d697-d2ec-4e08-a384-e0b6ea72d0fc dataSourceKey=main
[31m2026-09-14 11:10:22 [error]                                             [39m extra={"method":"responseErrorWithCode","code":"commanding","error":{"status":503,"maintaining":true,"message":"","command":{"name":"start"},"code":"APP_COMMANDING"},"statusCode":200,"appName":"main"} meta={"code":"commanding","error":{"status":503,"maintaining":true,"message":"","command":{"name":"start"},"code":"APP_COMMANDING"},"statusCode":200,"appName":"main"} module=gateway method=responseErrorWithCode app=main reqId=6672c004-b62d-4d22-8773-32faefa84da5 dataSourceKey=main
[33m2026-09-14 11:10:23 [warn]  attempt 3/10: Unable to connect to the database: connection is insecure (try using `sslmode=require`)[39m extra={"method":"auth"} module=database method=auth app=main reqId=48d4d697-d2ec-4e08-a384-e0b6ea72d0fc dataSourceKey=main
[33m2026-09-14 11:10:23 [warn]  will retry in 4000ms...                     [39m extra={"method":"auth"} module=database method=auth app=main reqId=48d4d697-d2ec-4e08-a384-e0b6ea72d0fc dataSourceKey=main
[33m2026-09-14 11:10:27 [warn]  attempt 4/10: Unable to connect to the database: connection is insecure (try using `sslmode=require`)[39m extra={"method":"auth"} module=database method=auth app=main reqId=48d4d697-d2ec-4e08-a384-e0b6ea72d0fc dataSourceKey=main
[33m2026-09-14 11:10:27 [warn]  will retry in 8000ms...                     [39m extra={"method":"auth"} module=database method=auth app=main reqId=48d4d697-d2ec-4e08-a384-e0b6ea72d0fc dataSourceKey=main
[33m2026-09-14 11:10:35 [warn]  attempt 5/10: Unable to connect to the database: connection is insecure (try using `sslmode=require`)[39m extra={"method":"auth"} module=database method=auth app=main reqId=48d4d697-d2ec-4e08-a384-e0b6ea72d0fc dataSourceKey=main
[33m2026-09-14 11:10:35 [warn]  will retry in 16000ms...                    [39m extra={"method":"auth"} module=database method=auth app=main reqId=48d4d697-d2ec-4e08-a384-e0b6ea72d0fc dataSourceKey=main
[33m2026-09-14 11:10:51 [warn]  attempt 6/10: Unable to connect to the database: connection is insecure (try using `sslmode=require`)[39m extra={"method":"auth"} module=database method=auth app=main reqId=48d4d697-d2ec-4e08-a384-e0b6ea72d0fc dataSourceKey=main
[33m2026-09-14 11:10:51 [warn]  will retry in 32000ms...                    [39m extra={"method":"auth"} module=database method=auth app=main reqId=48d4d697-d2ec-4e08-a384-e0b6ea72d0fc dataSourceKey=main
[33m2026-09-14 11:11:21 [warn]  attempt 7/10: Unable to connect to the database: connection is insecure (try using `sslmode=require`)[39m extra={"method":"auth"} module=database method=auth app=main reqId=48d4d697-d2ec-4e08-a384-e0b6ea72d0fc dataSourceKey=main
[33m2026-09-14 11:11:21 [warn]  will retry in 64000ms...                    [39m extra={"method":"auth"} module=database method=auth app=main reqId=48d4d697-d2ec-4e08-a384-e0b6ea72d0fc dataSourceKey=main
[33m2026-09-14 11:11:52 [warn]  attempt 8/10: Unable to connect to the database: connection is insecure (try using `sslmode=require`)[39m extra={"method":"auth"} module=database method=auth app=main reqId=48d4d697-d2ec-4e08-a384-e0b6ea72d0fc dataSourceKey=main
[33m2026-09-14 11:11:52 [warn]  will retry in 128000ms...                   [39m extra={"method":"auth"} module=database method=auth app=main reqId=48d4d697-d2ec-4e08-a384-e0b6ea72d0fc dataSourceKey=main
[33m2026-09-14 11:12:22 [warn]  attempt 9/10: Unable to connect to the database: connection is insecure (try using `sslmode=require`)[39m extra={"method":"auth"} module=database method=auth app=main reqId=48d4d697-d2ec-4e08-a384-e0b6ea72d0fc dataSourceKey=main
[33m2026-09-14 11:12:52 [warn]  attempt 10/10: Unable to connect to the database: connection is insecure (try using `sslmode=require`)[39m extra={"method":"auth"} module=database method=auth app=main reqId=48d4d697-d2ec-4e08-a384-e0b6ea72d0fc dataSourceKey=main
[34m2026-09-14 11:12:52 [debug] Setting app status                          [39m extra={"appName":"main","status":"error"} meta={"appName":"main","status":"error"} module=app-supervisor app=main dataSourceKey=main
2026-09-14 11:17:39 [info]  run static import                            extra={"packageName":"@nocobase/plugin-backups"} meta={"packageName":"@nocobase/plugin-backups"} module=cli app=main dataSourceKey=main
2026-09-14 11:17:40 [info]  run static import                            extra={"packageName":"@nocobase/plugin-file-manager"} meta={"packageName":"@nocobase/plugin-file-manager"} module=cli app=main dataSourceKey=main
2026-09-14 11:17:45 [info]  run static import                            extra={"packageName":"@nocobase/plugin-multi-app-manager"} meta={"packageName":"@nocobase/plugin-multi-app-manager"} module=cli app=main dataSourceKey=main
2026-09-14 11:17:45 [info]  App supervisor initialized                   extra={"discoveryAdapter":"legacy","processAdapter":"legacy","commandAdapter":""} meta={"discoveryAdapter":"legacy","processAdapter":"legacy","commandAdapter":""} module=app-supervisor app=main dataSourceKey=main
2026-09-14 11:17:46 [debug] Setting app status                           extra={"appName":"main","status":"commanding"} meta={"appName":"main","status":"commanding"} module=app-supervisor app=main dataSourceKey=main
2026-09-14 11:17:45 [debug] create database instance: {"sync":{"alter":{"drop":false},"force":false},"logging":false,"dialect":"postgres","username":"neondb_owner","database":"neondb","port":"5432","timezone":"-05:00","underscored":false,"pool":{},"migrator":{"context":{"app":{"appName":"main","name":"main"}}},"logger":{},"rawTimezone":"-05:00"} extra={"databaseInstanceId":"g9Fvfqt5AVRcwhUiLekov"} meta={"databaseInstanceId":"g9Fvfqt5AVRcwhUiLekov"} module=database app=main reqId=1678b721-6207-4373-9ad5-52ea953ac989 dataSourceKey=main
2026-09-14 11:17:46 [warn]  attempt 1/10: Unable to connect to the database: connection is insecure (try using `sslmode=require`) extra={"method":"auth"} module=database method=auth app=main reqId=1678b721-6207-4373-9ad5-52ea953ac989 dataSourceKey=main
2026-09-14 11:17:46 [warn]  will retry in 1000ms...                      extra={"method":"auth"} module=database method=auth app=main reqId=1678b721-6207-4373-9ad5-52ea953ac989 dataSourceKey=main
2026-09-14 11:17:47 [warn]  attempt 2/10: Unable to connect to the database: connection is insecure (try using `sslmode=require`) extra={"method":"auth"} module=database method=auth app=main reqId=1678b721-6207-4373-9ad5-52ea953ac989 dataSourceKey=main
2026-09-14 11:17:47 [warn]  will retry in 2000ms...                      extra={"method":"auth"} module=database method=auth app=main reqId=1678b721-6207-4373-9ad5-52ea953ac989 dataSourceKey=main
2026-09-14 11:17:49 [warn]  attempt 3/10: Unable to connect to the database: connection is insecure (try using `sslmode=require`) extra={"method":"auth"} module=database method=auth app=main reqId=1678b721-6207-4373-9ad5-52ea953ac989 dataSourceKey=main
2026-09-14 11:17:49 [warn]  will retry in 4000ms...                      extra={"method":"auth"} module=database method=auth app=main reqId=1678b721-6207-4373-9ad5-52ea953ac989 dataSourceKey=main
2026-09-14 11:17:53 [warn]  attempt 4/10: Unable to connect to the database: connection is insecure (try using `sslmode=require`) extra={"method":"auth"} module=database method=auth app=main reqId=1678b721-6207-4373-9ad5-52ea953ac989 dataSourceKey=main
2026-09-14 11:17:53 [warn]  will retry in 8000ms...                      extra={"method":"auth"} module=database method=auth app=main reqId=1678b721-6207-4373-9ad5-52ea953ac989 dataSourceKey=main
2026-09-14 11:18:00 [error]                                              extra={"method":"responseErrorWithCode","code":"commanding","error":{"status":503,"maintaining":true,"message":"","command":{"name":"start"},"code":"APP_COMMANDING"},"statusCode":200,"appName":"main"} meta={"code":"commanding","error":{"status":503,"maintaining":true,"message":"","command":{"name":"start"},"code":"APP_COMMANDING"},"statusCode":200,"appName":"main"} module=gateway method=responseErrorWithCode app=main reqId=ebe60875-863f-42f0-9922-66d3fd03ff40 dataSourceKey=main
2026-09-14 11:18:01 [warn]  attempt 5/10: Unable to connect to the database: connection is insecure (try using `sslmode=require`) extra={"method":"auth"} module=database method=auth app=main reqId=1678b721-6207-4373-9ad5-52ea953ac989 dataSourceKey=main
2026-09-14 11:18:01 [warn]  will retry in 16000ms...                     extra={"method":"auth"} module=database method=auth app=main reqId=1678b721-6207-4373-9ad5-52ea953ac989 dataSourceKey=main
2026-09-14 11:18:17 [warn]  attempt 6/10: Unable to connect to the database: connection is insecure (try using `sslmode=require`) extra={"method":"auth"} module=database method=auth app=main reqId=1678b721-6207-4373-9ad5-52ea953ac989 dataSourceKey=main
2026-09-14 11:18:17 [warn]  will retry in 32000ms...                     extra={"method":"auth"} module=database method=auth app=main reqId=1678b721-6207-4373-9ad5-52ea953ac989 dataSourceKey=main
2026-09-14 11:18:47 [warn]  attempt 7/10: Unable to connect to the database: connection is insecure (try using `sslmode=require`) extra={"method":"auth"} module=database method=auth app=main reqId=1678b721-6207-4373-9ad5-52ea953ac989 dataSourceKey=main
2026-09-14 11:18:47 [warn]  will retry in 64000ms...                     extra={"method":"auth"} module=database method=auth app=main reqId=1678b721-6207-4373-9ad5-52ea953ac989 dataSourceKey=main
2026-09-14 11:19:17 [warn]  attempt 8/10: Unable to connect to the database: connection is insecure (try using `sslmode=require`) extra={"method":"auth"} module=database method=auth app=main reqId=1678b721-6207-4373-9ad5-52ea953ac989 dataSourceKey=main
2026-09-14 11:19:17 [warn]  will retry in 128000ms...                    extra={"method":"auth"} module=database method=auth app=main reqId=1678b721-6207-4373-9ad5-52ea953ac989 dataSourceKey=main
2026-09-14 11:19:47 [warn]  attempt 9/10: Unable to connect to the database: connection is insecure (try using `sslmode=require`) extra={"method":"auth"} module=database method=auth app=main reqId=1678b721-6207-4373-9ad5-52ea953ac989 dataSourceKey=main
2026-09-14 11:20:17 [warn]  attempt 10/10: Unable to connect to the database: connection is insecure (try using `sslmode=require`) extra={"method":"auth"} module=database method=auth app=main reqId=1678b721-6207-4373-9ad5-52ea953ac989 dataSourceKey=main
2026-09-14 11:20:17 [debug] Setting app status                           extra={"appName":"main","status":"error"} meta={"appName":"main","status":"error"} module=app-supervisor app=main dataSourceKey=main
2026-09-14 11:24:21 [info]  run static import                            extra={"packageName":"@nocobase/plugin-backups"} meta={"packageName":"@nocobase/plugin-backups"} module=cli app=main dataSourceKey=main
2026-09-14 11:24:22 [info]  run static import                            extra={"packageName":"@nocobase/plugin-file-manager"} meta={"packageName":"@nocobase/plugin-file-manager"} module=cli app=main dataSourceKey=main
2026-09-14 11:24:26 [info]  run static import                            extra={"packageName":"@nocobase/plugin-multi-app-manager"} meta={"packageName":"@nocobase/plugin-multi-app-manager"} module=cli app=main dataSourceKey=main
2026-09-14 11:24:26 [info]  App supervisor initialized                   extra={"discoveryAdapter":"legacy","processAdapter":"legacy","commandAdapter":""} meta={"discoveryAdapter":"legacy","processAdapter":"legacy","commandAdapter":""} module=app-supervisor app=main dataSourceKey=main
2026-09-14 11:24:26 [debug] Setting app status                           extra={"appName":"main","status":"commanding"} meta={"appName":"main","status":"commanding"} module=app-supervisor app=main dataSourceKey=main
2026-09-14 11:24:26 [debug] create database instance: {"sync":{"alter":{"drop":false},"force":false},"logging":false,"dialect":"postgres","username":"neondb_owner","database":"neondb","port":"5432","timezone":"-05:00","underscored":false,"pool":{},"dialectOptions":{"ssl":{"mode":"require","rejectUnauthorized":false}},"migrator":{"context":{"app":{"appName":"main","name":"main"}}},"logger":{},"rawTimezone":"-05:00"} extra={"databaseInstanceId":"nkLnG7fT3domH_ZVdZVA7"} meta={"databaseInstanceId":"nkLnG7fT3domH_ZVdZVA7"} module=database app=main reqId=e8088f39-6d07-45a6-9198-25731cdaea59 dataSourceKey=main
2026-09-14 11:24:29 [info]  connection has been established successfully. extra={"method":"auth"} module=database method=auth app=main reqId=e8088f39-6d07-45a6-9198-25731cdaea59 dataSourceKey=main
2026-09-14 11:24:29 [debug] Setting app status                           extra={"appName":"main","status":"error"} meta={"appName":"main","status":"error"} module=app-supervisor app=main dataSourceKey=main
2026-09-14 11:24:45 [error] Application main is not installed, Please run 'yarn nocobase install' command first extra={"method":"responseErrorWithCode","code":"error","error":{"status":503,"message":"Application main is not installed, Please run 'yarn nocobase install' command first","code":"APP_NOT_INSTALLED_ERROR","command":{"name":"start"},"maintaining":true},"statusCode":200,"appName":"main"} meta={"code":"error","error":{"status":503,"message":"Application main is not installed, Please run 'yarn nocobase install' command first","code":"APP_NOT_INSTALLED_ERROR","command":{"name":"start"},"maintaining":true},"statusCode":200,"appName":"main"} module=gateway method=responseErrorWithCode app=main reqId=5b1aaed3-eec2-44c6-822b-dd1da3676854 dataSourceKey=main
2026-09-14 11:24:49 [info] License key not found 
2026-09-14 11:25:07 [info]  run static import                            extra={"packageName":"@nocobase/plugin-backups"} meta={"packageName":"@nocobase/plugin-backups"} module=cli app=main dataSourceKey=main
2026-09-14 11:25:07 [info]  run static import                            extra={"packageName":"@nocobase/plugin-file-manager"} meta={"packageName":"@nocobase/plugin-file-manager"} module=cli app=main dataSourceKey=main
2026-09-14 11:25:11 [info]  run static import                            extra={"packageName":"@nocobase/plugin-multi-app-manager"} meta={"packageName":"@nocobase/plugin-multi-app-manager"} module=cli app=main dataSourceKey=main
2026-09-14 11:25:11 [debug] Setting app status                           extra={"appName":"main","status":"commanding"} meta={"appName":"main","status":"commanding"} module=app-supervisor app=main dataSourceKey=main
2026-09-14 11:25:12 [debug] init plugins                                 module=application app=main reqId=fdbf8f29-31b2-4754-b178-5bb7bf66d53a dataSourceKey=main
2026-09-14 11:25:12 [debug] loading app...                               module=application app=main reqId=fdbf8f29-31b2-4754-b178-5bb7bf66d53a dataSourceKey=main
2026-09-14 11:25:12 [info]  allocate worker id: 20                       extra={"method":"load"} module=application method=load app=main reqId=fdbf8f29-31b2-4754-b178-5bb7bf66d53a dataSourceKey=main
2026-09-14 11:25:12 [debug] loading plugins...                           module=application app=main reqId=fdbf8f29-31b2-4754-b178-5bb7bf66d53a dataSourceKey=main
2026-09-14 11:25:12 [debug] plugins loaded                               module=application app=main reqId=fdbf8f29-31b2-4754-b178-5bb7bf66d53a dataSourceKey=main
2026-09-14 11:25:12 [debug] emit beforeInstall                           extra={"method":"install"} module=application method=install app=main reqId=fdbf8f29-31b2-4754-b178-5bb7bf66d53a dataSourceKey=main
2026-09-14 11:25:12 [debug] call db.sync()                               module=application app=main reqId=fdbf8f29-31b2-4754-b178-5bb7bf66d53a dataSourceKey=main
2026-09-14 11:25:13 [debug] install plugin [nocobase]...                 module=application app=main reqId=fdbf8f29-31b2-4754-b178-5bb7bf66d53a dataSourceKey=main
2026-09-14 11:25:16 [info]  start install built-in plugins               module=nocobase app=main reqId=fdbf8f29-31b2-4754-b178-5bb7bf66d53a dataSourceKey=main
2026-09-14 11:25:16 [debug] loading plugins...                           module=application app=main reqId=fdbf8f29-31b2-4754-b178-5bb7bf66d53a dataSourceKey=main
2026-09-14 11:25:19 [info]  tools [getCollectionMetadata] registered from plugin [data-source-manager] module=data-source-manager app=main reqId=fdbf8f29-31b2-4754-b178-5bb7bf66d53a dataSourceKey=main
2026-09-14 11:25:19 [info]  tools [getCollectionNames] registered from plugin [data-source-manager] module=data-source-manager app=main reqId=fdbf8f29-31b2-4754-b178-5bb7bf66d53a dataSourceKey=main
2026-09-14 11:25:19 [info]  tools [getDataSources] registered from plugin [data-source-manager] module=data-source-manager app=main reqId=fdbf8f29-31b2-4754-b178-5bb7bf66d53a dataSourceKey=main
2026-09-14 11:25:19 [info]  tools [searchFieldMetadata] registered from plugin [data-source-manager] module=data-source-manager app=main reqId=fdbf8f29-31b2-4754-b178-5bb7bf66d53a dataSourceKey=main
2026-09-14 11:25:19 [info]  tools [dataQuery] registered from plugin [data-source-manager] module=data-source-manager app=main reqId=fdbf8f29-31b2-4754-b178-5bb7bf66d53a dataSourceKey=main
2026-09-14 11:25:19 [info]  tools [dataSourceCounting] registered from plugin [data-source-manager] module=data-source-manager app=main reqId=fdbf8f29-31b2-4754-b178-5bb7bf66d53a dataSourceKey=main
2026-09-14 11:25:19 [info]  tools [dataSourceQuery] registered from plugin [data-source-manager] module=data-source-manager app=main reqId=fdbf8f29-31b2-4754-b178-5bb7bf66d53a dataSourceKey=main
2026-09-14 11:25:19 [info]  tools [defineCollections] registered from plugin [data-source-manager] module=data-source-manager app=main reqId=fdbf8f29-31b2-4754-b178-5bb7bf66d53a dataSourceKey=main
2026-09-14 11:25:19 [info]  tools [intentRouter] registered from plugin [data-source-manager] module=data-source-manager app=main reqId=fdbf8f29-31b2-4754-b178-5bb7bf66d53a dataSourceKey=main
2026-09-14 11:25:20 [debug] Registering task type: command               module=application app=main reqId=fdbf8f29-31b2-4754-b178-5bb7bf66d53a dataSourceKey=main
2026-09-14 11:25:22 [info]  tools [getContextApis] registered from plugin [flow-engine] module=flow-engine app=main reqId=fdbf8f29-31b2-4754-b178-5bb7bf66d53a dataSourceKey=main
2026-09-14 11:25:22 [info]  tools [getContextEnvs] registered from plugin [flow-engine] module=flow-engine app=main reqId=fdbf8f29-31b2-4754-b178-5bb7bf66d53a dataSourceKey=main
2026-09-14 11:25:22 [info]  tools [getContextVars] registered from plugin [flow-engine] module=flow-engine app=main reqId=fdbf8f29-31b2-4754-b178-5bb7bf66d53a dataSourceKey=main
2026-09-14 11:25:22 [info]  tools [lintAndTestJS] registered from plugin [flow-engine] module=flow-engine app=main reqId=fdbf8f29-31b2-4754-b178-5bb7bf66d53a dataSourceKey=main
2026-09-14 11:25:22 [info]  tools [patchJSCode] registered from plugin [flow-engine] module=flow-engine app=main reqId=fdbf8f29-31b2-4754-b178-5bb7bf66d53a dataSourceKey=main
2026-09-14 11:25:22 [info]  tools [readJSCode] registered from plugin [flow-engine] module=flow-engine app=main reqId=fdbf8f29-31b2-4754-b178-5bb7bf66d53a dataSourceKey=main
2026-09-14 11:25:22 [info]  tools [writeJSCode] registered from plugin [flow-engine] module=flow-engine app=main reqId=fdbf8f29-31b2-4754-b178-5bb7bf66d53a dataSourceKey=main
2026-09-14 11:25:22 [info]  ai employee [nathan] registered from plugin [flow-engine] module=flow-engine app=main reqId=fdbf8f29-31b2-4754-b178-5bb7bf66d53a dataSourceKey=main
2026-09-14 11:25:28 [info]  tools [chartGenerator] registered from plugin [ai] module=ai app=main reqId=fdbf8f29-31b2-4754-b178-5bb7bf66d53a dataSourceKey=main
2026-09-14 11:25:28 [info]  tools [executeFrontendTool] registered from plugin [ai] module=ai app=main reqId=fdbf8f29-31b2-4754-b178-5bb7bf66d53a dataSourceKey=main
2026-09-14 11:25:28 [info]  tools [formFiller] registered from plugin [ai] module=ai app=main reqId=fdbf8f29-31b2-4754-b178-5bb7bf66d53a dataSourceKey=main
2026-09-14 11:25:28 [info]  tools [getSkill] registered from plugin [ai] module=ai app=main reqId=fdbf8f29-31b2-4754-b178-5bb7bf66d53a dataSourceKey=main
2026-09-14 11:25:28 [info]  tools [knowledge-base-retrieve] registered from plugin [ai] module=ai app=main reqId=fdbf8f29-31b2-4754-b178-5bb7bf66d53a dataSourceKey=main
2026-09-14 11:25:28 [info]  tools [loadFrontendTool] registered from plugin [ai] module=ai app=main reqId=fdbf8f29-31b2-4754-b178-5bb7bf66d53a dataSourceKey=main
2026-09-14 11:25:28 [info]  tools [subAgentWebSearch] registered from plugin [ai] module=ai app=main reqId=fdbf8f29-31b2-4754-b178-5bb7bf66d53a dataSourceKey=main
2026-09-14 11:25:28 [info]  tools [suggestions] registered from plugin [ai] module=ai app=main reqId=fdbf8f29-31b2-4754-b178-5bb7bf66d53a dataSourceKey=main
2026-09-14 11:25:28 [info]  tools [dispatch-sub-agent-task] registered from plugin [ai] module=ai app=main reqId=fdbf8f29-31b2-4754-b178-5bb7bf66d53a dataSourceKey=main
2026-09-14 11:25:28 [info]  tools [get-ai-employee] registered from plugin [ai] module=ai app=main reqId=fdbf8f29-31b2-4754-b178-5bb7bf66d53a dataSourceKey=main
2026-09-14 11:25:28 [info]  tools [list-ai-employees] registered from plugin [ai] module=ai app=main reqId=fdbf8f29-31b2-4754-b178-5bb7bf66d53a dataSourceKey=main
2026-09-14 11:25:28 [warn]  tools [shared] register ignored: ToolsOptions not export as default at C:/Users/tieso/Downloads/IIT/ITMD547/ITMD547-NocoBase/nocobase-app/node_modules/@nocobase/plugin-ai/dist/ai/tools/sub-agents/shared.js module=ai app=main reqId=fdbf8f29-31b2-4754-b178-5bb7bf66d53a dataSourceKey=main
2026-09-14 11:25:28 [info]  tools [businessReportGenerator] registered from plugin [ai] module=ai app=main reqId=fdbf8f29-31b2-4754-b178-5bb7bf66d53a dataSourceKey=main
2026-09-14 11:25:28 [info]  ai employee [dara] registered from plugin [ai] module=ai app=main reqId=fdbf8f29-31b2-4754-b178-5bb7bf66d53a dataSourceKey=main
2026-09-14 11:25:28 [info]  ai employee [dex] registered from plugin [ai] module=ai app=main reqId=fdbf8f29-31b2-4754-b178-5bb7bf66d53a dataSourceKey=main
2026-09-14 11:25:28 [info]  ai employee [ellis] registered from plugin [ai] module=ai app=main reqId=fdbf8f29-31b2-4754-b178-5bb7bf66d53a dataSourceKey=main
2026-09-14 11:25:28 [info]  ai employee [lexi] registered from plugin [ai] module=ai app=main reqId=fdbf8f29-31b2-4754-b178-5bb7bf66d53a dataSourceKey=main
2026-09-14 11:25:28 [info]  ai employee [vera] registered from plugin [ai] module=ai app=main reqId=fdbf8f29-31b2-4754-b178-5bb7bf66d53a dataSourceKey=main
2026-09-14 11:25:28 [info]  ai employee [viz] registered from plugin [ai] module=ai app=main reqId=fdbf8f29-31b2-4754-b178-5bb7bf66d53a dataSourceKey=main
2026-09-14 11:25:28 [info]  ai employee [atlas] registered from plugin [ai] module=ai app=main reqId=fdbf8f29-31b2-4754-b178-5bb7bf66d53a dataSourceKey=main
2026-09-14 11:25:30 [debug] plugins loaded                               module=application app=main reqId=fdbf8f29-31b2-4754-b178-5bb7bf66d53a dataSourceKey=main
2026-09-14 11:25:30 [debug] call db.sync()                               module=application app=main reqId=fdbf8f29-31b2-4754-b178-5bb7bf66d53a dataSourceKey=main
2026-09-14 11:25:54 [debug] install plugin [acl]...                      module=application app=main reqId=fdbf8f29-31b2-4754-b178-5bb7bf66d53a dataSourceKey=main
2026-09-14 11:25:56 [debug] install plugin [action-bulk-edit]...         module=application app=main reqId=fdbf8f29-31b2-4754-b178-5bb7bf66d53a dataSourceKey=main
2026-09-14 11:25:56 [debug] install plugin [action-bulk-update]...       module=application app=main reqId=fdbf8f29-31b2-4754-b178-5bb7bf66d53a dataSourceKey=main
2026-09-14 11:25:56 [debug] install plugin [action-custom-request]...    module=application app=main reqId=fdbf8f29-31b2-4754-b178-5bb7bf66d53a dataSourceKey=main
2026-09-14 11:25:56 [debug] install plugin [action-duplicate]...         module=application app=main reqId=fdbf8f29-31b2-4754-b178-5bb7bf66d53a dataSourceKey=main
2026-09-14 11:25:56 [debug] install plugin [action-export]...            module=application app=main reqId=fdbf8f29-31b2-4754-b178-5bb7bf66d53a dataSourceKey=main
2026-09-14 11:25:56 [debug] install plugin [action-import]...            module=application app=main reqId=fdbf8f29-31b2-4754-b178-5bb7bf66d53a dataSourceKey=main
2026-09-14 11:25:56 [debug] install plugin [action-print]...             module=application app=main reqId=fdbf8f29-31b2-4754-b178-5bb7bf66d53a dataSourceKey=main
2026-09-14 11:25:56 [debug] install plugin [auth]...                     module=application app=main reqId=fdbf8f29-31b2-4754-b178-5bb7bf66d53a dataSourceKey=main
2026-09-14 11:25:56 [debug] install plugin [api-doc]...                  module=application app=main reqId=fdbf8f29-31b2-4754-b178-5bb7bf66d53a dataSourceKey=main
2026-09-14 11:25:56 [debug] install plugin [api-keys]...                 module=application app=main reqId=fdbf8f29-31b2-4754-b178-5bb7bf66d53a dataSourceKey=main
2026-09-14 11:25:56 [debug] install plugin [block-comment]...            module=application app=main reqId=fdbf8f29-31b2-4754-b178-5bb7bf66d53a dataSourceKey=main
2026-09-14 11:25:56 [debug] install plugin [block-iframe]...             module=application app=main reqId=fdbf8f29-31b2-4754-b178-5bb7bf66d53a dataSourceKey=main
2026-09-14 11:25:56 [debug] install plugin [block-list]...               module=application app=main reqId=fdbf8f29-31b2-4754-b178-5bb7bf66d53a dataSourceKey=main
2026-09-14 11:25:56 [debug] install plugin [block-grid-card]...          module=application app=main reqId=fdbf8f29-31b2-4754-b178-5bb7bf66d53a dataSourceKey=main
2026-09-14 11:25:56 [debug] install plugin [block-markdown]...           module=application app=main reqId=fdbf8f29-31b2-4754-b178-5bb7bf66d53a dataSourceKey=main
2026-09-14 11:25:56 [debug] install plugin [block-tree]...               module=application app=main reqId=fdbf8f29-31b2-4754-b178-5bb7bf66d53a dataSourceKey=main
2026-09-14 11:25:56 [debug] install plugin [client]...                   module=application app=main reqId=fdbf8f29-31b2-4754-b178-5bb7bf66d53a dataSourceKey=main
2026-09-14 11:25:56 [debug] install plugin [data-source-manager]...      module=application app=main reqId=fdbf8f29-31b2-4754-b178-5bb7bf66d53a dataSourceKey=main
2026-09-14 11:25:56 [debug] install plugin [calendar]...                 module=application app=main reqId=fdbf8f29-31b2-4754-b178-5bb7bf66d53a dataSourceKey=main
2026-09-14 11:25:56 [debug] install plugin [collection-sql]...           module=application app=main reqId=fdbf8f29-31b2-4754-b178-5bb7bf66d53a dataSourceKey=main
2026-09-14 11:25:56 [debug] install plugin [collection-tree]...          module=application app=main reqId=fdbf8f29-31b2-4754-b178-5bb7bf66d53a dataSourceKey=main
2026-09-14 11:25:56 [debug] install plugin [environment-variables]...    module=application app=main reqId=fdbf8f29-31b2-4754-b178-5bb7bf66d53a dataSourceKey=main
2026-09-14 11:25:56 [debug] install plugin [error-handler]...            module=application app=main reqId=fdbf8f29-31b2-4754-b178-5bb7bf66d53a dataSourceKey=main
2026-09-14 11:25:56 [debug] install plugin [async-task-manager]...       module=application app=main reqId=fdbf8f29-31b2-4754-b178-5bb7bf66d53a dataSourceKey=main
2026-09-14 11:25:56 [debug] install plugin [field-formula]...            module=application app=main reqId=fdbf8f29-31b2-4754-b178-5bb7bf66d53a dataSourceKey=main
2026-09-14 11:25:56 [debug] install plugin [field-markdown-vditor]...    module=application app=main reqId=fdbf8f29-31b2-4754-b178-5bb7bf66d53a dataSourceKey=main
2026-09-14 11:25:56 [debug] install plugin [field-sort]...               module=application app=main reqId=fdbf8f29-31b2-4754-b178-5bb7bf66d53a dataSourceKey=main
2026-09-14 11:25:56 [debug] install plugin [data-source-main]...         module=application app=main reqId=fdbf8f29-31b2-4754-b178-5bb7bf66d53a dataSourceKey=main
2026-09-14 11:25:56 [debug] install plugin [field-sequence]...           module=application app=main reqId=fdbf8f29-31b2-4754-b178-5bb7bf66d53a dataSourceKey=main
2026-09-14 11:25:56 [debug] install plugin [file-manager]...             module=application app=main reqId=fdbf8f29-31b2-4754-b178-5bb7bf66d53a dataSourceKey=main
2026-09-14 11:25:57 [warn]  [PubSubManager] adapter is not exist or not connected, cannot publish message to channel main.sync.file-manager module=application app=main reqId=fdbf8f29-31b2-4754-b178-5bb7bf66d53a dataSourceKey=main
2026-09-14 11:25:57 [debug] install plugin [backups]...                  module=application app=main reqId=fdbf8f29-31b2-4754-b178-5bb7bf66d53a dataSourceKey=main
2026-09-14 11:25:57 [debug] install plugin [gantt]...                    module=application app=main reqId=fdbf8f29-31b2-4754-b178-5bb7bf66d53a dataSourceKey=main
2026-09-14 11:25:57 [debug] install plugin [idp-oauth]...                module=application app=main reqId=fdbf8f29-31b2-4754-b178-5bb7bf66d53a dataSourceKey=main
2026-09-14 11:25:57 [debug] install plugin [text-copy]...                module=application app=main reqId=fdbf8f29-31b2-4754-b178-5bb7bf66d53a dataSourceKey=main
2026-09-14 11:25:57 [debug] install plugin [file-previewer-office]...    module=application app=main reqId=fdbf8f29-31b2-4754-b178-5bb7bf66d53a dataSourceKey=main
2026-09-14 11:25:57 [debug] install plugin [flow-engine]...              module=application app=main reqId=fdbf8f29-31b2-4754-b178-5bb7bf66d53a dataSourceKey=main
2026-09-14 11:25:57 [debug] install plugin [logger]...                   module=application app=main reqId=fdbf8f29-31b2-4754-b178-5bb7bf66d53a dataSourceKey=main
2026-09-14 11:25:57 [debug] install plugin [mobile]...                   module=application app=main reqId=fdbf8f29-31b2-4754-b178-5bb7bf66d53a dataSourceKey=main
2026-09-14 11:25:57 [debug] install plugin [block-workbench]...          module=application app=main reqId=fdbf8f29-31b2-4754-b178-5bb7bf66d53a dataSourceKey=main
2026-09-14 11:25:57 [debug] install plugin [ui-layout]...                module=application app=main reqId=fdbf8f29-31b2-4754-b178-5bb7bf66d53a dataSourceKey=main
2026-09-14 11:25:57 [debug] install plugin [mcp-server]...               module=application app=main reqId=fdbf8f29-31b2-4754-b178-5bb7bf66d53a dataSourceKey=main
2026-09-14 11:25:57 [debug] install plugin [system-settings]...          module=application app=main reqId=fdbf8f29-31b2-4754-b178-5bb7bf66d53a dataSourceKey=main
2026-09-14 11:25:57 [debug] install plugin [ui-schema-storage]...        module=application app=main reqId=fdbf8f29-31b2-4754-b178-5bb7bf66d53a dataSourceKey=main
2026-09-14 11:25:57 [debug] install plugin [user-data-sync]...           module=application app=main reqId=fdbf8f29-31b2-4754-b178-5bb7bf66d53a dataSourceKey=main
2026-09-14 11:25:58 [warn]  [PubSubManager] adapter is not exist or not connected, cannot publish message to channel main.sync.data-source-manager module=application app=main reqId=fdbf8f29-31b2-4754-b178-5bb7bf66d53a dataSourceKey=main
2026-09-14 11:25:58 [warn]  [PubSubManager] adapter is not exist or not connected, cannot publish message to channel main.sync.acl module=application app=main reqId=fdbf8f29-31b2-4754-b178-5bb7bf66d53a dataSourceKey=main
2026-09-14 11:25:58 [warn]  [PubSubManager] adapter is not exist or not connected, cannot publish message to channel main.sync.data-source-manager module=application app=main reqId=fdbf8f29-31b2-4754-b178-5bb7bf66d53a dataSourceKey=main
2026-09-14 11:25:58 [warn]  [PubSubManager] adapter is not exist or not connected, cannot publish message to channel main.sync.acl module=application app=main reqId=fdbf8f29-31b2-4754-b178-5bb7bf66d53a dataSourceKey=main
2026-09-14 11:25:58 [warn]  [PubSubManager] adapter is not exist or not connected, cannot publish message to channel main.sync.data-source-manager module=application app=main reqId=fdbf8f29-31b2-4754-b178-5bb7bf66d53a dataSourceKey=main
2026-09-14 11:25:58 [warn]  [PubSubManager] adapter is not exist or not connected, cannot publish message to channel main.sync.acl module=application app=main reqId=fdbf8f29-31b2-4754-b178-5bb7bf66d53a dataSourceKey=main
2026-09-14 11:25:58 [debug] install plugin [users]...                    module=application app=main reqId=fdbf8f29-31b2-4754-b178-5bb7bf66d53a dataSourceKey=main
2026-09-14 11:26:16 [debug] install plugin [verification]...             module=application app=main reqId=fdbf8f29-31b2-4754-b178-5bb7bf66d53a dataSourceKey=main
2026-09-14 11:26:16 [debug] install plugin [workflow]...                 module=application app=main reqId=fdbf8f29-31b2-4754-b178-5bb7bf66d53a dataSourceKey=main
2026-09-14 11:26:16 [debug] install plugin [ai]...                       module=application app=main reqId=fdbf8f29-31b2-4754-b178-5bb7bf66d53a dataSourceKey=main
2026-09-14 11:26:16 [debug] install plugin [data-visualization]...       module=application app=main reqId=fdbf8f29-31b2-4754-b178-5bb7bf66d53a dataSourceKey=main
2026-09-14 11:26:16 [debug] install plugin [kanban]...                   module=application app=main reqId=fdbf8f29-31b2-4754-b178-5bb7bf66d53a dataSourceKey=main
2026-09-14 11:26:17 [debug] install plugin [notification-manager]...     module=application app=main reqId=fdbf8f29-31b2-4754-b178-5bb7bf66d53a dataSourceKey=main
2026-09-14 11:26:17 [debug] install plugin [notification-in-app-message]... module=application app=main reqId=fdbf8f29-31b2-4754-b178-5bb7bf66d53a dataSourceKey=main
2026-09-14 11:26:17 [debug] install plugin [workflow-action-trigger]...  module=application app=main reqId=fdbf8f29-31b2-4754-b178-5bb7bf66d53a dataSourceKey=main
2026-09-14 11:26:17 [debug] install plugin [workflow-aggregate]...       module=application app=main reqId=fdbf8f29-31b2-4754-b178-5bb7bf66d53a dataSourceKey=main
2026-09-14 11:26:17 [debug] install plugin [workflow-cc]...              module=application app=main reqId=fdbf8f29-31b2-4754-b178-5bb7bf66d53a dataSourceKey=main
2026-09-14 11:26:17 [debug] install plugin [workflow-custom-action-trigger]... module=application app=main reqId=fdbf8f29-31b2-4754-b178-5bb7bf66d53a dataSourceKey=main
2026-09-14 11:26:17 [debug] install plugin [workflow-date-calculation]... module=application app=main reqId=fdbf8f29-31b2-4754-b178-5bb7bf66d53a dataSourceKey=main
2026-09-14 11:26:17 [debug] install plugin [workflow-delay]...           module=application app=main reqId=fdbf8f29-31b2-4754-b178-5bb7bf66d53a dataSourceKey=main
2026-09-14 11:26:17 [debug] install plugin [workflow-javascript]...      module=application app=main reqId=fdbf8f29-31b2-4754-b178-5bb7bf66d53a dataSourceKey=main
2026-09-14 11:26:17 [debug] install plugin [workflow-json-query]...      module=application app=main reqId=fdbf8f29-31b2-4754-b178-5bb7bf66d53a dataSourceKey=main
2026-09-14 11:26:17 [debug] install plugin [workflow-json-variable-mapping]... module=application app=main reqId=fdbf8f29-31b2-4754-b178-5bb7bf66d53a dataSourceKey=main
2026-09-14 11:26:17 [debug] install plugin [workflow-loop]...            module=application app=main reqId=fdbf8f29-31b2-4754-b178-5bb7bf66d53a dataSourceKey=main
2026-09-14 11:26:17 [debug] install plugin [workflow-mailer]...          module=application app=main reqId=fdbf8f29-31b2-4754-b178-5bb7bf66d53a dataSourceKey=main
2026-09-14 11:26:17 [debug] install plugin [workflow-manual]...          module=application app=main reqId=fdbf8f29-31b2-4754-b178-5bb7bf66d53a dataSourceKey=main
2026-09-14 11:26:17 [debug] install plugin [workflow-notification]...    module=application app=main reqId=fdbf8f29-31b2-4754-b178-5bb7bf66d53a dataSourceKey=main
2026-09-14 11:26:17 [debug] install plugin [workflow-parallel]...        module=application app=main reqId=fdbf8f29-31b2-4754-b178-5bb7bf66d53a dataSourceKey=main
2026-09-14 11:26:17 [debug] install plugin [workflow-request]...         module=application app=main reqId=fdbf8f29-31b2-4754-b178-5bb7bf66d53a dataSourceKey=main
2026-09-14 11:26:17 [debug] install plugin [workflow-request-interceptor]... module=application app=main reqId=fdbf8f29-31b2-4754-b178-5bb7bf66d53a dataSourceKey=main
2026-09-14 11:26:17 [debug] install plugin [workflow-response-message]... module=application app=main reqId=fdbf8f29-31b2-4754-b178-5bb7bf66d53a dataSourceKey=main
2026-09-14 11:26:17 [debug] install plugin [workflow-sql]...             module=application app=main reqId=fdbf8f29-31b2-4754-b178-5bb7bf66d53a dataSourceKey=main
2026-09-14 11:26:17 [debug] install plugin [workflow-variable]...        module=application app=main reqId=fdbf8f29-31b2-4754-b178-5bb7bf66d53a dataSourceKey=main
2026-09-14 11:26:17 [debug] install plugin [theme-editor]...             module=application app=main reqId=fdbf8f29-31b2-4754-b178-5bb7bf66d53a dataSourceKey=main
2026-09-14 11:26:17 [debug] install plugin [block-template]...           module=application app=main reqId=fdbf8f29-31b2-4754-b178-5bb7bf66d53a dataSourceKey=main
2026-09-14 11:26:17 [debug] install plugin [ui-templates]...             module=application app=main reqId=fdbf8f29-31b2-4754-b178-5bb7bf66d53a dataSourceKey=main
2026-09-14 11:26:17 [debug] install plugin [license]...                  module=application app=main reqId=fdbf8f29-31b2-4754-b178-5bb7bf66d53a dataSourceKey=main
2026-09-14 11:26:19 [info]  finish install built-in plugins              module=nocobase app=main reqId=fdbf8f29-31b2-4754-b178-5bb7bf66d53a dataSourceKey=main
2026-09-14 11:26:19 [debug] emit afterInstall                            extra={"method":"install"} module=application method=install app=main reqId=fdbf8f29-31b2-4754-b178-5bb7bf66d53a dataSourceKey=main
2026-09-14 11:26:19 [warn]  [PubSubManager] adapter is not exist or not connected, cannot publish message to channel main.sync.data-source-manager module=application app=main reqId=fdbf8f29-31b2-4754-b178-5bb7bf66d53a dataSourceKey=main
2026-09-14 11:26:19 [warn]  [PubSubManager] adapter is not exist or not connected, cannot publish message to channel main.sync.acl module=application app=main reqId=fdbf8f29-31b2-4754-b178-5bb7bf66d53a dataSourceKey=main
2026-09-14 11:26:19 [warn]  [PubSubManager] adapter is not exist or not connected, cannot publish message to channel main.sync.data-source-manager module=application app=main reqId=fdbf8f29-31b2-4754-b178-5bb7bf66d53a dataSourceKey=main
2026-09-14 11:26:19 [warn]  [PubSubManager] adapter is not exist or not connected, cannot publish message to channel main.sync.acl module=application app=main reqId=fdbf8f29-31b2-4754-b178-5bb7bf66d53a dataSourceKey=main
2026-09-14 11:26:19 [info]  app installed successfully [v2.2.12]         module=application app=main reqId=fdbf8f29-31b2-4754-b178-5bb7bf66d53a dataSourceKey=main
2026-09-14 11:26:19 [info]  restarting...                                module=application app=main reqId=fdbf8f29-31b2-4754-b178-5bb7bf66d53a dataSourceKey=main
2026-09-14 11:26:19 [info]  stopping workflow plugin before app (main) shutdown... module=application app=main reqId=fdbf8f29-31b2-4754-b178-5bb7bf66d53a dataSourceKey=main
2026-09-14 11:26:19 [debug] start reload                                 extra={"method":"reload"} module=application method=reload app=main reqId=fdbf8f29-31b2-4754-b178-5bb7bf66d53a dataSourceKey=main
2026-09-14 11:26:19 [info]  app.reload()                                 extra={"method":"load"} module=application method=load app=main reqId=fdbf8f29-31b2-4754-b178-5bb7bf66d53a dataSourceKey=main
2026-09-14 11:26:19 [debug] create database instance: {"sync":{"alter":{"drop":false},"force":false},"logging":false,"dialect":"postgres","username":"neondb_owner","database":"neondb","port":"5432","timezone":"-05:00","underscored":false,"pool":{},"dialectOptions":{"ssl":{"mode":"require","rejectUnauthorized":false}},"migrator":{"context":{"app":{"appName":"main","name":"main"}}},"logger":{},"rawTimezone":"-05:00"} extra={"databaseInstanceId":"qSa4zNpzKxPQnHNmJEo_v"} meta={"databaseInstanceId":"qSa4zNpzKxPQnHNmJEo_v"} module=database app=main reqId=fdbf8f29-31b2-4754-b178-5bb7bf66d53a dataSourceKey=main
2026-09-14 11:26:19 [debug] init plugins                                 module=application app=main reqId=fdbf8f29-31b2-4754-b178-5bb7bf66d53a dataSourceKey=main
2026-09-14 11:26:21 [debug] loading app...                               module=application app=main reqId=fdbf8f29-31b2-4754-b178-5bb7bf66d53a dataSourceKey=main
2026-09-14 11:26:21 [info]  allocate worker id: 16                       extra={"method":"load"} module=application method=load app=main reqId=fdbf8f29-31b2-4754-b178-5bb7bf66d53a dataSourceKey=main
2026-09-14 11:26:21 [debug] loading plugins...                           module=application app=main reqId=fdbf8f29-31b2-4754-b178-5bb7bf66d53a dataSourceKey=main
2026-09-14 11:26:21 [warn]  AsyncTaskManager already exists, skipping initialization. module=application app=main reqId=fdbf8f29-31b2-4754-b178-5bb7bf66d53a dataSourceKey=main
2026-09-14 11:26:22 [info]  tools [getCollectionMetadata] registered from plugin [data-source-manager] module=data-source-manager app=main reqId=fdbf8f29-31b2-4754-b178-5bb7bf66d53a dataSourceKey=main
2026-09-14 11:26:22 [info]  tools [getCollectionNames] registered from plugin [data-source-manager] module=data-source-manager app=main reqId=fdbf8f29-31b2-4754-b178-5bb7bf66d53a dataSourceKey=main
2026-09-14 11:26:22 [info]  tools [getDataSources] registered from plugin [data-source-manager] module=data-source-manager app=main reqId=fdbf8f29-31b2-4754-b178-5bb7bf66d53a dataSourceKey=main
2026-09-14 11:26:22 [info]  tools [searchFieldMetadata] registered from plugin [data-source-manager] module=data-source-manager app=main reqId=fdbf8f29-31b2-4754-b178-5bb7bf66d53a dataSourceKey=main
2026-09-14 11:26:22 [info]  tools [dataQuery] registered from plugin [data-source-manager] module=data-source-manager app=main reqId=fdbf8f29-31b2-4754-b178-5bb7bf66d53a dataSourceKey=main
2026-09-14 11:26:22 [info]  tools [dataSourceCounting] registered from plugin [data-source-manager] module=data-source-manager app=main reqId=fdbf8f29-31b2-4754-b178-5bb7bf66d53a dataSourceKey=main
2026-09-14 11:26:22 [info]  tools [dataSourceQuery] registered from plugin [data-source-manager] module=data-source-manager app=main reqId=fdbf8f29-31b2-4754-b178-5bb7bf66d53a dataSourceKey=main
2026-09-14 11:26:22 [info]  tools [defineCollections] registered from plugin [data-source-manager] module=data-source-manager app=main reqId=fdbf8f29-31b2-4754-b178-5bb7bf66d53a dataSourceKey=main
2026-09-14 11:26:22 [info]  tools [intentRouter] registered from plugin [data-source-manager] module=data-source-manager app=main reqId=fdbf8f29-31b2-4754-b178-5bb7bf66d53a dataSourceKey=main
2026-09-14 11:26:22 [debug] Registering task type: command               module=application app=main reqId=fdbf8f29-31b2-4754-b178-5bb7bf66d53a dataSourceKey=main
2026-09-14 11:26:22 [info]  tools [getContextApis] registered from plugin [flow-engine] module=flow-engine app=main reqId=fdbf8f29-31b2-4754-b178-5bb7bf66d53a dataSourceKey=main
2026-09-14 11:26:22 [info]  tools [getContextEnvs] registered from plugin [flow-engine] module=flow-engine app=main reqId=fdbf8f29-31b2-4754-b178-5bb7bf66d53a dataSourceKey=main
2026-09-14 11:26:22 [info]  tools [getContextVars] registered from plugin [flow-engine] module=flow-engine app=main reqId=fdbf8f29-31b2-4754-b178-5bb7bf66d53a dataSourceKey=main
2026-09-14 11:26:22 [info]  tools [lintAndTestJS] registered from plugin [flow-engine] module=flow-engine app=main reqId=fdbf8f29-31b2-4754-b178-5bb7bf66d53a dataSourceKey=main
2026-09-14 11:26:22 [info]  tools [patchJSCode] registered from plugin [flow-engine] module=flow-engine app=main reqId=fdbf8f29-31b2-4754-b178-5bb7bf66d53a dataSourceKey=main
2026-09-14 11:26:22 [info]  tools [readJSCode] registered from plugin [flow-engine] module=flow-engine app=main reqId=fdbf8f29-31b2-4754-b178-5bb7bf66d53a dataSourceKey=main
2026-09-14 11:26:22 [info]  tools [writeJSCode] registered from plugin [flow-engine] module=flow-engine app=main reqId=fdbf8f29-31b2-4754-b178-5bb7bf66d53a dataSourceKey=main
2026-09-14 11:26:22 [info]  ai employee [nathan] registered from plugin [flow-engine] module=flow-engine app=main reqId=fdbf8f29-31b2-4754-b178-5bb7bf66d53a dataSourceKey=main
2026-09-14 11:26:23 [info]  tools [chartGenerator] registered from plugin [ai] module=ai app=main reqId=fdbf8f29-31b2-4754-b178-5bb7bf66d53a dataSourceKey=main
2026-09-14 11:26:23 [info]  tools [executeFrontendTool] registered from plugin [ai] module=ai app=main reqId=fdbf8f29-31b2-4754-b178-5bb7bf66d53a dataSourceKey=main
2026-09-14 11:26:23 [info]  tools [formFiller] registered from plugin [ai] module=ai app=main reqId=fdbf8f29-31b2-4754-b178-5bb7bf66d53a dataSourceKey=main
2026-09-14 11:26:23 [info]  tools [getSkill] registered from plugin [ai] module=ai app=main reqId=fdbf8f29-31b2-4754-b178-5bb7bf66d53a dataSourceKey=main
2026-09-14 11:26:23 [info]  tools [knowledge-base-retrieve] registered from plugin [ai] module=ai app=main reqId=fdbf8f29-31b2-4754-b178-5bb7bf66d53a dataSourceKey=main
2026-09-14 11:26:23 [info]  tools [loadFrontendTool] registered from plugin [ai] module=ai app=main reqId=fdbf8f29-31b2-4754-b178-5bb7bf66d53a dataSourceKey=main
2026-09-14 11:26:23 [info]  tools [subAgentWebSearch] registered from plugin [ai] module=ai app=main reqId=fdbf8f29-31b2-4754-b178-5bb7bf66d53a dataSourceKey=main
2026-09-14 11:26:23 [info]  tools [suggestions] registered from plugin [ai] module=ai app=main reqId=fdbf8f29-31b2-4754-b178-5bb7bf66d53a dataSourceKey=main
2026-09-14 11:26:23 [info]  tools [dispatch-sub-agent-task] registered from plugin [ai] module=ai app=main reqId=fdbf8f29-31b2-4754-b178-5bb7bf66d53a dataSourceKey=main
2026-09-14 11:26:23 [info]  tools [get-ai-employee] registered from plugin [ai] module=ai app=main reqId=fdbf8f29-31b2-4754-b178-5bb7bf66d53a dataSourceKey=main
2026-09-14 11:26:23 [info]  tools [list-ai-employees] registered from plugin [ai] module=ai app=main reqId=fdbf8f29-31b2-4754-b178-5bb7bf66d53a dataSourceKey=main
2026-09-14 11:26:23 [warn]  tools [shared] register ignored: ToolsOptions not export as default at C:/Users/tieso/Downloads/IIT/ITMD547/ITMD547-NocoBase/nocobase-app/node_modules/@nocobase/plugin-ai/dist/ai/tools/sub-agents/shared.js module=ai app=main reqId=fdbf8f29-31b2-4754-b178-5bb7bf66d53a dataSourceKey=main
2026-09-14 11:26:23 [info]  tools [businessReportGenerator] registered from plugin [ai] module=ai app=main reqId=fdbf8f29-31b2-4754-b178-5bb7bf66d53a dataSourceKey=main
2026-09-14 11:26:23 [info]  ai employee [dara] registered from plugin [ai] module=ai app=main reqId=fdbf8f29-31b2-4754-b178-5bb7bf66d53a dataSourceKey=main
2026-09-14 11:26:23 [info]  ai employee [dex] registered from plugin [ai] module=ai app=main reqId=fdbf8f29-31b2-4754-b178-5bb7bf66d53a dataSourceKey=main
2026-09-14 11:26:23 [info]  ai employee [ellis] registered from plugin [ai] module=ai app=main reqId=fdbf8f29-31b2-4754-b178-5bb7bf66d53a dataSourceKey=main
2026-09-14 11:26:23 [info]  ai employee [lexi] registered from plugin [ai] module=ai app=main reqId=fdbf8f29-31b2-4754-b178-5bb7bf66d53a dataSourceKey=main
2026-09-14 11:26:23 [info]  ai employee [vera] registered from plugin [ai] module=ai app=main reqId=fdbf8f29-31b2-4754-b178-5bb7bf66d53a dataSourceKey=main
2026-09-14 11:26:23 [info]  ai employee [viz] registered from plugin [ai] module=ai app=main reqId=fdbf8f29-31b2-4754-b178-5bb7bf66d53a dataSourceKey=main
2026-09-14 11:26:23 [info]  ai employee [atlas] registered from plugin [ai] module=ai app=main reqId=fdbf8f29-31b2-4754-b178-5bb7bf66d53a dataSourceKey=main
2026-09-14 11:26:23 [debug] plugins loaded                               module=application app=main reqId=fdbf8f29-31b2-4754-b178-5bb7bf66d53a dataSourceKey=main
2026-09-14 11:26:23 [debug] loading locale resource...                   extra={"method":"onAfterLoad"} module=application submodule=locale method=onAfterLoad app=main reqId=fdbf8f29-31b2-4754-b178-5bb7bf66d53a dataSourceKey=main
2026-09-14 11:26:23 [warn]  [PubSubManager] adapter is not exist or not connected, cannot publish message to channel main.sync.localeManager module=application app=main reqId=fdbf8f29-31b2-4754-b178-5bb7bf66d53a dataSourceKey=main
2026-09-14 11:26:30 [debug] locale resource loaded                       extra={"method":"onAfterLoad"} module=application submodule=locale method=onAfterLoad app=main reqId=fdbf8f29-31b2-4754-b178-5bb7bf66d53a dataSourceKey=main
2026-09-14 11:26:30 [debug] emit afterReload                             extra={"method":"reload"} module=application method=reload app=main reqId=fdbf8f29-31b2-4754-b178-5bb7bf66d53a dataSourceKey=main
2026-09-14 11:26:30 [debug] finish reload                                extra={"method":"reload"} module=application method=reload app=main reqId=fdbf8f29-31b2-4754-b178-5bb7bf66d53a dataSourceKey=main
2026-09-14 11:26:30 [debug] starting app...                              module=application app=main reqId=fdbf8f29-31b2-4754-b178-5bb7bf66d53a dataSourceKey=main
2026-09-14 11:26:30 [debug] loading custom collections                   extra={"method":"loadCollections"} module=data-source-main method=loadCollections app=main reqId=fdbf8f29-31b2-4754-b178-5bb7bf66d53a dataSourceKey=main
2026-09-14 11:26:30 [debug] loading collections...                       module=database app=main reqId=fdbf8f29-31b2-4754-b178-5bb7bf66d53a dataSourceKey=main
2026-09-14 11:26:31 [debug] collections loaded                           module=database app=main reqId=fdbf8f29-31b2-4754-b178-5bb7bf66d53a dataSourceKey=main
2026-09-14 11:26:31 [info]  memory queue storage file not found, skip    module=application app=main reqId=e8088f39-6d07-45a6-9198-25731cdaea59 dataSourceKey=main
2026-09-14 11:26:31 [debug] connected to adapter, using memory? true     module=application app=main reqId=fdbf8f29-31b2-4754-b178-5bb7bf66d53a dataSourceKey=main
2026-09-14 11:26:31 [info]  memory queue storage file not found, skip    module=application app=main reqId=fdbf8f29-31b2-4754-b178-5bb7bf66d53a dataSourceKey=main
2026-09-14 11:26:31 [debug] connected to adapter, using memory? true     module=application app=main reqId=fdbf8f29-31b2-4754-b178-5bb7bf66d53a dataSourceKey=main
2026-09-14 11:26:31 [info]  write roles to ACL                           extra={"method":"writeRolesToACL"} module=acl method=writeRolesToACL app=main reqId=fdbf8f29-31b2-4754-b178-5bb7bf66d53a dataSourceKey=main
2026-09-14 11:26:35 [debug] Setting app status                           extra={"appName":"main","status":"running"} meta={"appName":"main","status":"running"} module=app-supervisor app=main dataSourceKey=main
2026-09-14 11:26:37 [debug] idp-oauth authenticate resource request      extra={"path":"/api/app:getLang","issuer":"http://localhost:13000/api","audience":"http://localhost:13000/api/","hasBearerToken":true} meta={"path":"/api/app:getLang","issuer":"http://localhost:13000/api","audience":"http://localhost:13000/api/","hasBearerToken":true} module=app submodule=getLang app=main reqId=86c2bddf-3928-40bc-b1f2-876a5b8d8853 dataSourceKey=main
2026-09-14 11:26:37 [debug] ctx permission                               extra={"can":null,"resourceName":"app","actionName":"getLang","skip":true} meta={"can":null,"resourceName":"app","actionName":"getLang","skip":true} module=app submodule=getLang app=main reqId=86c2bddf-3928-40bc-b1f2-876a5b8d8853 dataSourceKey=main
2026-09-14 11:26:37 [debug] acl params                                   module=app submodule=getLang app=main reqId=86c2bddf-3928-40bc-b1f2-876a5b8d8853 dataSourceKey=main
2026-09-14 11:26:37 [debug] acl parsedParams                             module=app submodule=getLang app=main reqId=86c2bddf-3928-40bc-b1f2-876a5b8d8853 dataSourceKey=main
2026-09-14 11:26:37 [warn]  [Workflow pre-action]: collection "app" not found module=app submodule=getLang app=main reqId=86c2bddf-3928-40bc-b1f2-876a5b8d8853 dataSourceKey=main
2026-09-14 11:26:37 [warn]  [PubSubManager] adapter is not exist or not connected, cannot publish message to channel main.sync.localeManager module=application app=main reqId=fdbf8f29-31b2-4754-b178-5bb7bf66d53a dataSourceKey=main
2026-09-14 11:26:40 [debug] idp-oauth authenticate resource request      extra={"path":"/api/pm:listEnabled","issuer":"http://localhost:13000/api","audience":"http://localhost:13000/api/","hasBearerToken":true} meta={"path":"/api/pm:listEnabled","issuer":"http://localhost:13000/api","audience":"http://localhost:13000/api/","hasBearerToken":true} module=pm submodule=listEnabled app=main reqId=6bd6a62a-95f5-4467-ac4f-0d3c8ac0a2e1 dataSourceKey=main
2026-09-14 11:26:40 [debug] ctx permission                               extra={"can":null,"resourceName":"pm","actionName":"listEnabled","skip":true} meta={"can":null,"resourceName":"pm","actionName":"listEnabled","skip":true} module=pm submodule=listEnabled app=main reqId=6bd6a62a-95f5-4467-ac4f-0d3c8ac0a2e1 dataSourceKey=main
2026-09-14 11:26:40 [debug] acl params                                   module=pm submodule=listEnabled app=main reqId=6bd6a62a-95f5-4467-ac4f-0d3c8ac0a2e1 dataSourceKey=main
2026-09-14 11:26:40 [debug] acl parsedParams                             module=pm submodule=listEnabled app=main reqId=6bd6a62a-95f5-4467-ac4f-0d3c8ac0a2e1 dataSourceKey=main
2026-09-14 11:26:40 [warn]  [Workflow pre-action]: collection "pm" not found module=pm submodule=listEnabled app=main reqId=6bd6a62a-95f5-4467-ac4f-0d3c8ac0a2e1 dataSourceKey=main
2026-09-14 11:27:00 [debug] idp-oauth authenticate resource request      extra={"path":"/api/auth:check","issuer":"http://localhost:13000/api","audience":"http://localhost:13000/api/","hasBearerToken":true} meta={"path":"/api/auth:check","issuer":"http://localhost:13000/api","audience":"http://localhost:13000/api/","hasBearerToken":true} module=auth submodule=check app=main reqId=48d74875-0221-4943-8ec5-9868d4794617 dataSourceKey=main
2026-09-14 11:27:01 [debug] ctx permission                               extra={"can":null,"resourceName":"systemSettings","actionName":"get","skip":true} meta={"can":null,"resourceName":"systemSettings","actionName":"get","skip":true} module=systemSettings submodule=get app=main reqId=9c9307b2-6830-401d-97f2-a4f109b476c9 dataSourceKey=main
2026-09-14 11:27:01 [debug] acl params                                   module=systemSettings submodule=get app=main reqId=9c9307b2-6830-401d-97f2-a4f109b476c9 dataSourceKey=main
2026-09-14 11:27:01 [debug] acl parsedParams                             module=systemSettings submodule=get app=main reqId=9c9307b2-6830-401d-97f2-a4f109b476c9 dataSourceKey=main
2026-09-14 11:27:40 [info]  run static import                            extra={"packageName":"@nocobase/plugin-backups"} meta={"packageName":"@nocobase/plugin-backups"} module=cli app=main dataSourceKey=main
2026-09-14 11:27:40 [info]  run static import                            extra={"packageName":"@nocobase/plugin-file-manager"} meta={"packageName":"@nocobase/plugin-file-manager"} module=cli app=main dataSourceKey=main
2026-09-14 11:27:47 [info]  run static import                            extra={"packageName":"@nocobase/plugin-multi-app-manager"} meta={"packageName":"@nocobase/plugin-multi-app-manager"} module=cli app=main dataSourceKey=main
2026-09-14 11:27:48 [info]  App supervisor initialized                   extra={"discoveryAdapter":"legacy","processAdapter":"legacy","commandAdapter":""} meta={"discoveryAdapter":"legacy","processAdapter":"legacy","commandAdapter":""} module=app-supervisor app=main dataSourceKey=main
2026-09-14 11:27:48 [debug] Setting app status                           extra={"appName":"main","status":"commanding"} meta={"appName":"main","status":"commanding"} module=app-supervisor app=main dataSourceKey=main
2026-09-14 11:27:48 [debug] create database instance: {"sync":{"alter":{"drop":false},"force":false},"logging":false,"dialect":"postgres","username":"neondb_owner","database":"neondb","port":"5432","timezone":"-05:00","underscored":false,"pool":{},"dialectOptions":{"ssl":{"mode":"require","rejectUnauthorized":false}},"migrator":{"context":{"app":{"appName":"main","name":"main"}}},"logger":{},"rawTimezone":"-05:00"} extra={"databaseInstanceId":"61BgXfF5VZEng5xLPMv1H"} meta={"databaseInstanceId":"61BgXfF5VZEng5xLPMv1H"} module=database app=main reqId=120eb840-f181-4777-b084-56511b14d04c dataSourceKey=main
2026-09-14 11:27:49 [info]  connection has been established successfully. extra={"method":"auth"} module=database method=auth app=main reqId=120eb840-f181-4777-b084-56511b14d04c dataSourceKey=main
2026-09-14 11:27:49 [debug] init plugins                                 module=application app=main reqId=120eb840-f181-4777-b084-56511b14d04c dataSourceKey=main
2026-09-14 11:27:49 [debug] loading app...                               module=application app=main reqId=120eb840-f181-4777-b084-56511b14d04c dataSourceKey=main
2026-09-14 11:27:49 [info]  allocate worker id: 31                       extra={"method":"load"} module=application method=load app=main reqId=120eb840-f181-4777-b084-56511b14d04c dataSourceKey=main
2026-09-14 11:27:49 [debug] loading plugins...                           module=application app=main reqId=120eb840-f181-4777-b084-56511b14d04c dataSourceKey=main
2026-09-14 11:27:51 [info]  tools [getCollectionMetadata] registered from plugin [data-source-manager] module=data-source-manager app=main reqId=120eb840-f181-4777-b084-56511b14d04c dataSourceKey=main
2026-09-14 11:27:51 [info]  tools [getCollectionNames] registered from plugin [data-source-manager] module=data-source-manager app=main reqId=120eb840-f181-4777-b084-56511b14d04c dataSourceKey=main
2026-09-14 11:27:51 [info]  tools [getDataSources] registered from plugin [data-source-manager] module=data-source-manager app=main reqId=120eb840-f181-4777-b084-56511b14d04c dataSourceKey=main
2026-09-14 11:27:51 [info]  tools [searchFieldMetadata] registered from plugin [data-source-manager] module=data-source-manager app=main reqId=120eb840-f181-4777-b084-56511b14d04c dataSourceKey=main
2026-09-14 11:27:51 [info]  tools [dataQuery] registered from plugin [data-source-manager] module=data-source-manager app=main reqId=120eb840-f181-4777-b084-56511b14d04c dataSourceKey=main
2026-09-14 11:27:51 [info]  tools [dataSourceCounting] registered from plugin [data-source-manager] module=data-source-manager app=main reqId=120eb840-f181-4777-b084-56511b14d04c dataSourceKey=main
2026-09-14 11:27:51 [info]  tools [dataSourceQuery] registered from plugin [data-source-manager] module=data-source-manager app=main reqId=120eb840-f181-4777-b084-56511b14d04c dataSourceKey=main
2026-09-14 11:27:51 [info]  tools [defineCollections] registered from plugin [data-source-manager] module=data-source-manager app=main reqId=120eb840-f181-4777-b084-56511b14d04c dataSourceKey=main
2026-09-14 11:27:51 [info]  tools [intentRouter] registered from plugin [data-source-manager] module=data-source-manager app=main reqId=120eb840-f181-4777-b084-56511b14d04c dataSourceKey=main
2026-09-14 11:27:51 [error] load plugin [data-source-manager], 20/77     extra={"method":"responseErrorWithCode","code":"commanding","error":{"status":503,"maintaining":true,"message":"load plugin [data-source-manager], 20/77","command":{"name":"start"},"code":"APP_COMMANDING"},"statusCode":200,"appName":"main"} meta={"code":"commanding","error":{"status":503,"maintaining":true,"message":"load plugin [data-source-manager], 20/77","command":{"name":"start"},"code":"APP_COMMANDING"},"statusCode":200,"appName":"main"} module=gateway method=responseErrorWithCode app=main reqId=474f1d66-43a2-42f4-9e93-03cd0005cec8 dataSourceKey=main
2026-09-14 11:27:51 [debug] Registering task type: command               module=application app=main reqId=120eb840-f181-4777-b084-56511b14d04c dataSourceKey=main
2026-09-14 11:27:52 [info]  tools [getContextApis] registered from plugin [flow-engine] module=flow-engine app=main reqId=120eb840-f181-4777-b084-56511b14d04c dataSourceKey=main
2026-09-14 11:27:52 [info]  tools [getContextEnvs] registered from plugin [flow-engine] module=flow-engine app=main reqId=120eb840-f181-4777-b084-56511b14d04c dataSourceKey=main
2026-09-14 11:27:52 [info]  tools [getContextVars] registered from plugin [flow-engine] module=flow-engine app=main reqId=120eb840-f181-4777-b084-56511b14d04c dataSourceKey=main
2026-09-14 11:27:52 [info]  tools [lintAndTestJS] registered from plugin [flow-engine] module=flow-engine app=main reqId=120eb840-f181-4777-b084-56511b14d04c dataSourceKey=main
2026-09-14 11:27:52 [info]  tools [patchJSCode] registered from plugin [flow-engine] module=flow-engine app=main reqId=120eb840-f181-4777-b084-56511b14d04c dataSourceKey=main
2026-09-14 11:27:52 [info]  tools [readJSCode] registered from plugin [flow-engine] module=flow-engine app=main reqId=120eb840-f181-4777-b084-56511b14d04c dataSourceKey=main
2026-09-14 11:27:52 [info]  tools [writeJSCode] registered from plugin [flow-engine] module=flow-engine app=main reqId=120eb840-f181-4777-b084-56511b14d04c dataSourceKey=main
2026-09-14 11:27:52 [info]  ai employee [nathan] registered from plugin [flow-engine] module=flow-engine app=main reqId=120eb840-f181-4777-b084-56511b14d04c dataSourceKey=main
2026-09-14 11:27:53 [info]  tools [chartGenerator] registered from plugin [ai] module=ai app=main reqId=120eb840-f181-4777-b084-56511b14d04c dataSourceKey=main
2026-09-14 11:27:53 [info]  tools [executeFrontendTool] registered from plugin [ai] module=ai app=main reqId=120eb840-f181-4777-b084-56511b14d04c dataSourceKey=main
2026-09-14 11:27:53 [info]  tools [formFiller] registered from plugin [ai] module=ai app=main reqId=120eb840-f181-4777-b084-56511b14d04c dataSourceKey=main
2026-09-14 11:27:53 [info]  tools [getSkill] registered from plugin [ai] module=ai app=main reqId=120eb840-f181-4777-b084-56511b14d04c dataSourceKey=main
2026-09-14 11:27:53 [info]  tools [knowledge-base-retrieve] registered from plugin [ai] module=ai app=main reqId=120eb840-f181-4777-b084-56511b14d04c dataSourceKey=main
2026-09-14 11:27:53 [info]  tools [loadFrontendTool] registered from plugin [ai] module=ai app=main reqId=120eb840-f181-4777-b084-56511b14d04c dataSourceKey=main
2026-09-14 11:27:53 [info]  tools [subAgentWebSearch] registered from plugin [ai] module=ai app=main reqId=120eb840-f181-4777-b084-56511b14d04c dataSourceKey=main
2026-09-14 11:27:53 [info]  tools [suggestions] registered from plugin [ai] module=ai app=main reqId=120eb840-f181-4777-b084-56511b14d04c dataSourceKey=main
2026-09-14 11:27:53 [info]  tools [dispatch-sub-agent-task] registered from plugin [ai] module=ai app=main reqId=120eb840-f181-4777-b084-56511b14d04c dataSourceKey=main
2026-09-14 11:27:53 [info]  tools [get-ai-employee] registered from plugin [ai] module=ai app=main reqId=120eb840-f181-4777-b084-56511b14d04c dataSourceKey=main
2026-09-14 11:27:53 [info]  tools [list-ai-employees] registered from plugin [ai] module=ai app=main reqId=120eb840-f181-4777-b084-56511b14d04c dataSourceKey=main
2026-09-14 11:27:53 [warn]  tools [shared] register ignored: ToolsOptions not export as default at C:/Users/tieso/Downloads/IIT/ITMD547/ITMD547-NocoBase/nocobase-app/node_modules/@nocobase/plugin-ai/dist/ai/tools/sub-agents/shared.js module=ai app=main reqId=120eb840-f181-4777-b084-56511b14d04c dataSourceKey=main
2026-09-14 11:27:53 [info]  tools [businessReportGenerator] registered from plugin [ai] module=ai app=main reqId=120eb840-f181-4777-b084-56511b14d04c dataSourceKey=main
2026-09-14 11:27:53 [info]  ai employee [dara] registered from plugin [ai] module=ai app=main reqId=120eb840-f181-4777-b084-56511b14d04c dataSourceKey=main
2026-09-14 11:27:53 [info]  ai employee [dex] registered from plugin [ai] module=ai app=main reqId=120eb840-f181-4777-b084-56511b14d04c dataSourceKey=main
2026-09-14 11:27:53 [info]  ai employee [ellis] registered from plugin [ai] module=ai app=main reqId=120eb840-f181-4777-b084-56511b14d04c dataSourceKey=main
2026-09-14 11:27:53 [info]  ai employee [lexi] registered from plugin [ai] module=ai app=main reqId=120eb840-f181-4777-b084-56511b14d04c dataSourceKey=main
2026-09-14 11:27:53 [info]  ai employee [vera] registered from plugin [ai] module=ai app=main reqId=120eb840-f181-4777-b084-56511b14d04c dataSourceKey=main
2026-09-14 11:27:53 [info]  ai employee [viz] registered from plugin [ai] module=ai app=main reqId=120eb840-f181-4777-b084-56511b14d04c dataSourceKey=main
2026-09-14 11:27:53 [info]  ai employee [atlas] registered from plugin [ai] module=ai app=main reqId=120eb840-f181-4777-b084-56511b14d04c dataSourceKey=main
2026-09-14 11:27:54 [debug] plugins loaded                               module=application app=main reqId=120eb840-f181-4777-b084-56511b14d04c dataSourceKey=main
2026-09-14 11:27:54 [debug] loading locale resource...                   extra={"method":"onAfterLoad"} module=application submodule=locale method=onAfterLoad app=main reqId=120eb840-f181-4777-b084-56511b14d04c dataSourceKey=main
2026-09-14 11:27:54 [warn]  [PubSubManager] adapter is not exist or not connected, cannot publish message to channel main.sync.localeManager module=application app=main reqId=120eb840-f181-4777-b084-56511b14d04c dataSourceKey=main
2026-09-14 11:27:56 [debug] locale resource loaded                       extra={"method":"onAfterLoad"} module=application submodule=locale method=onAfterLoad app=main reqId=120eb840-f181-4777-b084-56511b14d04c dataSourceKey=main
2026-09-14 11:27:56 [debug] starting app...                              module=application app=main reqId=120eb840-f181-4777-b084-56511b14d04c dataSourceKey=main
2026-09-14 11:27:56 [debug] loading custom collections                   extra={"method":"loadCollections"} module=data-source-main method=loadCollections app=main reqId=120eb840-f181-4777-b084-56511b14d04c dataSourceKey=main
2026-09-14 11:27:56 [debug] loading collections...                       module=database app=main reqId=120eb840-f181-4777-b084-56511b14d04c dataSourceKey=main
2026-09-14 11:27:56 [debug] collections loaded                           module=database app=main reqId=120eb840-f181-4777-b084-56511b14d04c dataSourceKey=main
2026-09-14 11:27:56 [info]  memory queue storage file not found, skip    module=application app=main reqId=120eb840-f181-4777-b084-56511b14d04c dataSourceKey=main
2026-09-14 11:27:56 [debug] connected to adapter, using memory? true     module=application app=main reqId=120eb840-f181-4777-b084-56511b14d04c dataSourceKey=main
2026-09-14 11:27:57 [info]  write roles to ACL                           extra={"method":"writeRolesToACL"} module=acl method=writeRolesToACL app=main reqId=120eb840-f181-4777-b084-56511b14d04c dataSourceKey=main
2026-09-14 11:27:59 [debug] Setting app status                           extra={"appName":"main","status":"running"} meta={"appName":"main","status":"running"} module=app-supervisor app=main dataSourceKey=main
2026-09-14 11:27:59 [info]  app has been started                         module=application app=main reqId=120eb840-f181-4777-b084-56511b14d04c dataSourceKey=main
2026-09-14 11:28:00 [debug] ctx permission                               extra={"can":null,"resourceName":"app","actionName":"getLang","skip":true} meta={"can":null,"resourceName":"app","actionName":"getLang","skip":true} module=app submodule=getLang app=main reqId=20d2d5b0-f404-4f18-b41a-189100c48877 dataSourceKey=main
2026-09-14 11:28:00 [debug] acl params                                   module=app submodule=getLang app=main reqId=20d2d5b0-f404-4f18-b41a-189100c48877 dataSourceKey=main
2026-09-14 11:28:00 [debug] acl parsedParams                             module=app submodule=getLang app=main reqId=20d2d5b0-f404-4f18-b41a-189100c48877 dataSourceKey=main
2026-09-14 11:28:00 [warn]  [Workflow pre-action]: collection "app" not found module=app submodule=getLang app=main reqId=20d2d5b0-f404-4f18-b41a-189100c48877 dataSourceKey=main
2026-09-14 11:28:00 [warn]  [PubSubManager] adapter is not exist or not connected, cannot publish message to channel main.sync.localeManager module=application app=main reqId=120eb840-f181-4777-b084-56511b14d04c dataSourceKey=main
2026-09-14 11:28:02 [debug] ctx permission                               extra={"can":null,"resourceName":"pm","actionName":"listEnabled","skip":true} meta={"can":null,"resourceName":"pm","actionName":"listEnabled","skip":true} module=pm submodule=listEnabled app=main reqId=382f3cd3-bb5a-4017-9e48-5d79570ce47b dataSourceKey=main
2026-09-14 11:28:02 [debug] acl params                                   module=pm submodule=listEnabled app=main reqId=382f3cd3-bb5a-4017-9e48-5d79570ce47b dataSourceKey=main
2026-09-14 11:28:02 [debug] acl parsedParams                             module=pm submodule=listEnabled app=main reqId=382f3cd3-bb5a-4017-9e48-5d79570ce47b dataSourceKey=main
2026-09-14 11:28:02 [warn]  [Workflow pre-action]: collection "pm" not found module=pm submodule=listEnabled app=main reqId=382f3cd3-bb5a-4017-9e48-5d79570ce47b dataSourceKey=main
2026-09-14 11:28:06 [debug] ctx permission                               extra={"can":null,"resourceName":"systemSettings","actionName":"get","skip":true} meta={"can":null,"resourceName":"systemSettings","actionName":"get","skip":true} module=systemSettings submodule=get app=main reqId=5a0edf25-9ed7-4d03-a2ca-5cd7a25dbb44 dataSourceKey=main
2026-09-14 11:28:06 [debug] acl params                                   module=systemSettings submodule=get app=main reqId=5a0edf25-9ed7-4d03-a2ca-5cd7a25dbb44 dataSourceKey=main
2026-09-14 11:28:06 [debug] acl parsedParams                             module=systemSettings submodule=get app=main reqId=5a0edf25-9ed7-4d03-a2ca-5cd7a25dbb44 dataSourceKey=main
2026-09-14 11:28:06 [debug] ctx permission                               extra={"can":null,"resourceName":"systemSettings","actionName":"view"} meta={"can":null,"resourceName":"systemSettings","actionName":"view"} module=systemSettings submodule=get app=main reqId=5a0edf25-9ed7-4d03-a2ca-5cd7a25dbb44 dataSourceKey=main
2026-09-14 11:28:06 [debug] ctx permission                               extra={"can":null,"resourceName":"systemSettings","actionName":"update"} meta={"can":null,"resourceName":"systemSettings","actionName":"update"} module=systemSettings submodule=get app=main reqId=5a0edf25-9ed7-4d03-a2ca-5cd7a25dbb44 dataSourceKey=main
2026-09-14 11:28:06 [debug] ctx permission                               extra={"can":null,"resourceName":"systemSettings","actionName":"destroy"} meta={"can":null,"resourceName":"systemSettings","actionName":"destroy"} module=systemSettings submodule=get app=main reqId=5a0edf25-9ed7-4d03-a2ca-5cd7a25dbb44 dataSourceKey=main
2026-09-14 11:28:06 [debug] ctx permission                               extra={"can":null,"resourceName":"themeConfig","actionName":"list","skip":true} meta={"can":null,"resourceName":"themeConfig","actionName":"list","skip":true} module=themeConfig submodule=list app=main reqId=daac0341-0e3c-4a88-8074-e0625f15d2c7 dataSourceKey=main
2026-09-14 11:28:06 [debug] acl params                                   module=themeConfig submodule=list app=main reqId=daac0341-0e3c-4a88-8074-e0625f15d2c7 dataSourceKey=main
2026-09-14 11:28:06 [debug] acl parsedParams                             module=themeConfig submodule=list app=main reqId=daac0341-0e3c-4a88-8074-e0625f15d2c7 dataSourceKey=main
2026-09-14 11:28:06 [debug] ctx permission                               extra={"can":null,"resourceName":"authenticators","actionName":"publicList","skip":true} meta={"can":null,"resourceName":"authenticators","actionName":"publicList","skip":true} module=authenticators submodule=publicList app=main reqId=23380d29-c5cb-4483-bf62-fe5b7ad9a64f dataSourceKey=main
2026-09-14 11:28:06 [debug] acl params                                   module=authenticators submodule=publicList app=main reqId=23380d29-c5cb-4483-bf62-fe5b7ad9a64f dataSourceKey=main
2026-09-14 11:28:06 [debug] acl parsedParams                             module=authenticators submodule=publicList app=main reqId=23380d29-c5cb-4483-bf62-fe5b7ad9a64f dataSourceKey=main
2026-09-14 11:28:06 [debug] ctx permission                               extra={"can":null,"resourceName":"themeConfig","actionName":"view"} meta={"can":null,"resourceName":"themeConfig","actionName":"view"} module=themeConfig submodule=list app=main reqId=daac0341-0e3c-4a88-8074-e0625f15d2c7 dataSourceKey=main
2026-09-14 11:28:06 [debug] ctx permission                               extra={"can":null,"resourceName":"themeConfig","actionName":"update"} meta={"can":null,"resourceName":"themeConfig","actionName":"update"} module=themeConfig submodule=list app=main reqId=daac0341-0e3c-4a88-8074-e0625f15d2c7 dataSourceKey=main
2026-09-14 11:28:06 [debug] ctx permission                               extra={"can":null,"resourceName":"themeConfig","actionName":"destroy"} meta={"can":null,"resourceName":"themeConfig","actionName":"destroy"} module=themeConfig submodule=list app=main reqId=daac0341-0e3c-4a88-8074-e0625f15d2c7 dataSourceKey=main
2026-09-14 11:28:30 [debug] ctx permission                               extra={"can":null,"resourceName":"auth","actionName":"signIn","skip":true} meta={"can":null,"resourceName":"auth","actionName":"signIn","skip":true} module=auth submodule=signIn app=main reqId=c9a56224-b2d5-4835-bbbc-8107fac7e285 dataSourceKey=main
2026-09-14 11:28:30 [debug] acl params                                   module=auth submodule=signIn app=main reqId=c9a56224-b2d5-4835-bbbc-8107fac7e285 dataSourceKey=main
2026-09-14 11:28:30 [debug] acl parsedParams                             module=auth submodule=signIn app=main reqId=c9a56224-b2d5-4835-bbbc-8107fac7e285 dataSourceKey=main
2026-09-14 11:28:30 [warn]  [Workflow pre-action]: collection "auth" not found module=auth submodule=signIn app=main reqId=c9a56224-b2d5-4835-bbbc-8107fac7e285 dataSourceKey=main
2026-09-14 11:28:31 [debug] idp-oauth authenticate resource request      extra={"path":"/api/auth:check","issuer":"http://localhost:13000/api","audience":"http://localhost:13000/api/","hasBearerToken":true} meta={"path":"/api/auth:check","issuer":"http://localhost:13000/api","audience":"http://localhost:13000/api/","hasBearerToken":true} module=auth submodule=check app=main reqId=208fbad7-65f0-4b04-9503-5c01a47abc2d dataSourceKey=main
2026-09-14 11:28:31 [debug] ctx permission                               extra={"can":{"resource":"auth","action":"check","role":"root"},"resourceName":"auth","actionName":"check","skip":true} meta={"can":{"resource":"auth","action":"check","role":"root"},"resourceName":"auth","actionName":"check","skip":true} module=auth submodule=check app=main reqId=208fbad7-65f0-4b04-9503-5c01a47abc2d dataSourceKey=main
2026-09-14 11:28:31 [debug] acl params                                   module=auth submodule=check app=main reqId=208fbad7-65f0-4b04-9503-5c01a47abc2d dataSourceKey=main
2026-09-14 11:28:31 [debug] acl parsedParams                             module=auth submodule=check app=main reqId=208fbad7-65f0-4b04-9503-5c01a47abc2d dataSourceKey=main
2026-09-14 11:28:31 [warn]  [Workflow pre-action]: collection "auth" not found module=auth submodule=check app=main reqId=208fbad7-65f0-4b04-9503-5c01a47abc2d dataSourceKey=main
2026-09-14 11:28:31 [debug] idp-oauth authenticate resource request      extra={"path":"/api/auth:syncCookies","issuer":"http://localhost:13000/api","audience":"http://localhost:13000/api/","hasBearerToken":true} meta={"path":"/api/auth:syncCookies","issuer":"http://localhost:13000/api","audience":"http://localhost:13000/api/","hasBearerToken":true} module=auth submodule=syncCookies app=main reqId=d7066952-42c9-4949-a693-9ac7cedb79b8 dataSourceKey=main
2026-09-14 11:28:31 [debug] ctx permission                               extra={"can":{"resource":"auth","action":"syncCookies","role":"root"},"resourceName":"auth","actionName":"syncCookies","skip":true} meta={"can":{"resource":"auth","action":"syncCookies","role":"root"},"resourceName":"auth","actionName":"syncCookies","skip":true} module=auth submodule=syncCookies app=main reqId=d7066952-42c9-4949-a693-9ac7cedb79b8 dataSourceKey=main
2026-09-14 11:28:31 [debug] acl params                                   module=auth submodule=syncCookies app=main reqId=d7066952-42c9-4949-a693-9ac7cedb79b8 dataSourceKey=main
2026-09-14 11:28:31 [debug] acl parsedParams                             module=auth submodule=syncCookies app=main reqId=d7066952-42c9-4949-a693-9ac7cedb79b8 dataSourceKey=main
2026-09-14 11:28:31 [warn]  [Workflow pre-action]: collection "auth" not found module=auth submodule=syncCookies app=main reqId=d7066952-42c9-4949-a693-9ac7cedb79b8 dataSourceKey=main
2026-09-14 11:28:31 [debug] idp-oauth authenticate resource request      extra={"path":"/api/authenticators:publicList","issuer":"http://localhost:13000/api","audience":"http://localhost:13000/api/","hasBearerToken":true} meta={"path":"/api/authenticators:publicList","issuer":"http://localhost:13000/api","audience":"http://localhost:13000/api/","hasBearerToken":true} module=authenticators submodule=publicList app=main reqId=a09b5a49-0098-4db8-90ef-f6a19426d991 dataSourceKey=main
2026-09-14 11:28:31 [debug] ctx permission                               extra={"can":null,"resourceName":"authenticators","actionName":"publicList","skip":true} meta={"can":null,"resourceName":"authenticators","actionName":"publicList","skip":true} module=authenticators submodule=publicList app=main reqId=a09b5a49-0098-4db8-90ef-f6a19426d991 dataSourceKey=main
2026-09-14 11:28:31 [debug] acl params                                   module=authenticators submodule=publicList app=main reqId=a09b5a49-0098-4db8-90ef-f6a19426d991 dataSourceKey=main
2026-09-14 11:28:31 [debug] acl parsedParams                             module=authenticators submodule=publicList app=main reqId=a09b5a49-0098-4db8-90ef-f6a19426d991 dataSourceKey=main
2026-09-14 11:28:31 [debug] idp-oauth authenticate resource request      extra={"path":"/api/blockTemplates:list","issuer":"http://localhost:13000/api","audience":"http://localhost:13000/api/","hasBearerToken":true} meta={"path":"/api/blockTemplates:list","issuer":"http://localhost:13000/api","audience":"http://localhost:13000/api/","hasBearerToken":true} module=blockTemplates submodule=list app=main reqId=41653da8-5b40-493e-b782-ce556dcce8f8 dataSourceKey=main
2026-09-14 11:28:31 [debug] ctx permission                               extra={"can":{"resource":"blockTemplates","action":"list","role":"root"},"resourceName":"blockTemplates","actionName":"list","skip":true} meta={"can":{"resource":"blockTemplates","action":"list","role":"root"},"resourceName":"blockTemplates","actionName":"list","skip":true} module=blockTemplates submodule=list app=main reqId=41653da8-5b40-493e-b782-ce556dcce8f8 dataSourceKey=main
2026-09-14 11:28:31 [debug] acl params                                   module=blockTemplates submodule=list app=main reqId=41653da8-5b40-493e-b782-ce556dcce8f8 dataSourceKey=main
2026-09-14 11:28:31 [debug] acl parsedParams                             module=blockTemplates submodule=list app=main reqId=41653da8-5b40-493e-b782-ce556dcce8f8 dataSourceKey=main
2026-09-14 11:28:31 [debug] idp-oauth authenticate resource request      extra={"path":"/api/themeConfig:list","issuer":"http://localhost:13000/api","audience":"http://localhost:13000/api/","hasBearerToken":true} meta={"path":"/api/themeConfig:list","issuer":"http://localhost:13000/api","audience":"http://localhost:13000/api/","hasBearerToken":true} module=themeConfig submodule=list app=main reqId=bd7b3d32-05c4-4e52-9e8a-3c0a5a724df4 dataSourceKey=main
2026-09-14 11:28:31 [debug] ctx permission                               extra={"can":null,"resourceName":"themeConfig","actionName":"list","skip":true} meta={"can":null,"resourceName":"themeConfig","actionName":"list","skip":true} module=themeConfig submodule=list app=main reqId=bd7b3d32-05c4-4e52-9e8a-3c0a5a724df4 dataSourceKey=main
2026-09-14 11:28:31 [debug] acl params                                   module=themeConfig submodule=list app=main reqId=bd7b3d32-05c4-4e52-9e8a-3c0a5a724df4 dataSourceKey=main
2026-09-14 11:28:31 [debug] acl parsedParams                             module=themeConfig submodule=list app=main reqId=bd7b3d32-05c4-4e52-9e8a-3c0a5a724df4 dataSourceKey=main
2026-09-14 11:28:31 [debug] idp-oauth authenticate resource request      extra={"path":"/api/environmentVariables","issuer":"http://localhost:13000/api","audience":"http://localhost:13000/api/","hasBearerToken":true} meta={"path":"/api/environmentVariables","issuer":"http://localhost:13000/api","audience":"http://localhost:13000/api/","hasBearerToken":true} app=main reqId=8610f1a1-1b59-40d3-9b25-065c326709f2 dataSourceKey=main
2026-09-14 11:28:31 [debug] ctx permission                               extra={"can":{"resource":"environmentVariables","action":"list","role":"root"},"resourceName":"environmentVariables","actionName":"list","skip":true} meta={"can":{"resource":"environmentVariables","action":"list","role":"root"},"resourceName":"environmentVariables","actionName":"list","skip":true} app=main reqId=8610f1a1-1b59-40d3-9b25-065c326709f2 dataSourceKey=main
2026-09-14 11:28:31 [debug] acl params                                   app=main reqId=8610f1a1-1b59-40d3-9b25-065c326709f2 dataSourceKey=main
2026-09-14 11:28:31 [debug] acl parsedParams                             app=main reqId=8610f1a1-1b59-40d3-9b25-065c326709f2 dataSourceKey=main
2026-09-14 11:28:31 [debug] ctx permission                               extra={"can":{"resource":"blockTemplates","action":"view","role":"root"},"resourceName":"blockTemplates","actionName":"view","skip":true} meta={"can":{"resource":"blockTemplates","action":"view","role":"root"},"resourceName":"blockTemplates","actionName":"view","skip":true} module=blockTemplates submodule=list app=main reqId=41653da8-5b40-493e-b782-ce556dcce8f8 dataSourceKey=main
2026-09-14 11:28:31 [debug] acl params                                   module=blockTemplates submodule=list app=main reqId=41653da8-5b40-493e-b782-ce556dcce8f8 dataSourceKey=main
2026-09-14 11:28:31 [debug] acl parsedParams                             module=blockTemplates submodule=list app=main reqId=41653da8-5b40-493e-b782-ce556dcce8f8 dataSourceKey=main
2026-09-14 11:28:31 [debug] ctx permission                               extra={"can":{"resource":"blockTemplates","action":"update","role":"root"},"resourceName":"blockTemplates","actionName":"update","skip":true} meta={"can":{"resource":"blockTemplates","action":"update","role":"root"},"resourceName":"blockTemplates","actionName":"update","skip":true} module=blockTemplates submodule=list app=main reqId=41653da8-5b40-493e-b782-ce556dcce8f8 dataSourceKey=main
2026-09-14 11:28:31 [debug] acl params                                   module=blockTemplates submodule=list app=main reqId=41653da8-5b40-493e-b782-ce556dcce8f8 dataSourceKey=main
2026-09-14 11:28:31 [debug] acl parsedParams                             module=blockTemplates submodule=list app=main reqId=41653da8-5b40-493e-b782-ce556dcce8f8 dataSourceKey=main
2026-09-14 11:28:31 [debug] ctx permission                               extra={"can":{"resource":"blockTemplates","action":"destroy","role":"root"},"resourceName":"blockTemplates","actionName":"destroy","skip":true} meta={"can":{"resource":"blockTemplates","action":"destroy","role":"root"},"resourceName":"blockTemplates","actionName":"destroy","skip":true} module=blockTemplates submodule=list app=main reqId=41653da8-5b40-493e-b782-ce556dcce8f8 dataSourceKey=main
2026-09-14 11:28:31 [debug] acl params                                   module=blockTemplates submodule=list app=main reqId=41653da8-5b40-493e-b782-ce556dcce8f8 dataSourceKey=main
2026-09-14 11:28:31 [debug] acl parsedParams                             module=blockTemplates submodule=list app=main reqId=41653da8-5b40-493e-b782-ce556dcce8f8 dataSourceKey=main
2026-09-14 11:28:31 [debug] idp-oauth authenticate resource request      extra={"path":"/api/roles:check","issuer":"http://localhost:13000/api","audience":"http://localhost:13000/api/","hasBearerToken":true} meta={"path":"/api/roles:check","issuer":"http://localhost:13000/api","audience":"http://localhost:13000/api/","hasBearerToken":true} module=roles submodule=check app=main reqId=72484041-f700-49e7-875a-4fbfd6199e80 dataSourceKey=main
2026-09-14 11:28:31 [debug] ctx permission                               extra={"can":{"resource":"roles","action":"check","role":"root"},"resourceName":"roles","actionName":"check","skip":true} meta={"can":{"resource":"roles","action":"check","role":"root"},"resourceName":"roles","actionName":"check","skip":true} module=roles submodule=check app=main reqId=72484041-f700-49e7-875a-4fbfd6199e80 dataSourceKey=main
2026-09-14 11:28:31 [debug] acl params                                   module=roles submodule=check app=main reqId=72484041-f700-49e7-875a-4fbfd6199e80 dataSourceKey=main
2026-09-14 11:28:31 [debug] acl parsedParams                             module=roles submodule=check app=main reqId=72484041-f700-49e7-875a-4fbfd6199e80 dataSourceKey=main
2026-09-14 11:28:31 [debug] ctx permission                               extra={"can":null,"resourceName":"themeConfig","actionName":"view"} meta={"can":null,"resourceName":"themeConfig","actionName":"view"} module=themeConfig submodule=list app=main reqId=bd7b3d32-05c4-4e52-9e8a-3c0a5a724df4 dataSourceKey=main
2026-09-14 11:28:31 [debug] ctx permission                               extra={"can":null,"resourceName":"themeConfig","actionName":"update"} meta={"can":null,"resourceName":"themeConfig","actionName":"update"} module=themeConfig submodule=list app=main reqId=bd7b3d32-05c4-4e52-9e8a-3c0a5a724df4 dataSourceKey=main
2026-09-14 11:28:31 [debug] ctx permission                               extra={"can":null,"resourceName":"themeConfig","actionName":"destroy"} meta={"can":null,"resourceName":"themeConfig","actionName":"destroy"} module=themeConfig submodule=list app=main reqId=bd7b3d32-05c4-4e52-9e8a-3c0a5a724df4 dataSourceKey=main
2026-09-14 11:28:31 [debug] idp-oauth authenticate resource request      extra={"path":"/api/desktopRoutes:listAccessible","issuer":"http://localhost:13000/api","audience":"http://localhost:13000/api/","hasBearerToken":true} meta={"path":"/api/desktopRoutes:listAccessible","issuer":"http://localhost:13000/api","audience":"http://localhost:13000/api/","hasBearerToken":true} module=desktopRoutes submodule=listAccessible app=main reqId=60c06733-96e8-4ce7-aecd-725a0838c450 dataSourceKey=main
2026-09-14 11:28:31 [debug] ctx permission                               extra={"can":{"resource":"desktopRoutes","action":"listAccessible","role":"root"},"resourceName":"desktopRoutes","actionName":"listAccessible","skip":true} meta={"can":{"resource":"desktopRoutes","action":"listAccessible","role":"root"},"resourceName":"desktopRoutes","actionName":"listAccessible","skip":true} module=desktopRoutes submodule=listAccessible app=main reqId=60c06733-96e8-4ce7-aecd-725a0838c450 dataSourceKey=main
2026-09-14 11:28:31 [debug] acl params                                   module=desktopRoutes submodule=listAccessible app=main reqId=60c06733-96e8-4ce7-aecd-725a0838c450 dataSourceKey=main
2026-09-14 11:28:31 [debug] acl parsedParams                             module=desktopRoutes submodule=listAccessible app=main reqId=60c06733-96e8-4ce7-aecd-725a0838c450 dataSourceKey=main
2026-09-14 11:28:32 [debug] ctx permission                               extra={"can":{"resource":"attachments","action":"getFile","role":"root"},"resourceName":"attachments","actionName":"getFile","skip":true} meta={"can":{"resource":"attachments","action":"getFile","role":"root"},"resourceName":"attachments","actionName":"getFile","skip":true} app=main reqId=57d63303-3cdf-42d4-ad7a-ae3175021a24 dataSourceKey=main
2026-09-14 11:28:32 [debug] acl params                                   app=main reqId=57d63303-3cdf-42d4-ad7a-ae3175021a24 dataSourceKey=main
2026-09-14 11:28:32 [debug] acl parsedParams                             app=main reqId=57d63303-3cdf-42d4-ad7a-ae3175021a24 dataSourceKey=main
2026-09-14 11:28:32 [debug] idp-oauth authenticate resource request      extra={"path":"/api/asyncTasks:list","issuer":"http://localhost:13000/api","audience":"http://localhost:13000/api/","hasBearerToken":true} meta={"path":"/api/asyncTasks:list","issuer":"http://localhost:13000/api","audience":"http://localhost:13000/api/","hasBearerToken":true} module=asyncTasks submodule=list app=main reqId=1f419e90-2010-4ced-895c-605b0910176e dataSourceKey=main
2026-09-14 11:28:32 [debug] ctx permission                               extra={"can":{"resource":"asyncTasks","action":"list","role":"root"},"resourceName":"asyncTasks","actionName":"list","skip":true} meta={"can":{"resource":"asyncTasks","action":"list","role":"root"},"resourceName":"asyncTasks","actionName":"list","skip":true} module=asyncTasks submodule=list app=main reqId=1f419e90-2010-4ced-895c-605b0910176e dataSourceKey=main
2026-09-14 11:28:32 [debug] acl params                                   module=asyncTasks submodule=list app=main reqId=1f419e90-2010-4ced-895c-605b0910176e dataSourceKey=main
2026-09-14 11:28:32 [debug] acl parsedParams                             module=asyncTasks submodule=list app=main reqId=1f419e90-2010-4ced-895c-605b0910176e dataSourceKey=main
2026-09-14 11:28:32 [debug] idp-oauth authenticate resource request      extra={"path":"/api/userWorkflowTasks:listMine","issuer":"http://localhost:13000/api","audience":"http://localhost:13000/api/","hasBearerToken":true} meta={"path":"/api/userWorkflowTasks:listMine","issuer":"http://localhost:13000/api","audience":"http://localhost:13000/api/","hasBearerToken":true} module=userWorkflowTasks submodule=listMine app=main reqId=13792e67-fbc5-47ed-beb6-44e5b6b9b0eb dataSourceKey=main
2026-09-14 11:28:32 [debug] ctx permission                               extra={"can":{"resource":"userWorkflowTasks","action":"listMine","role":"root"},"resourceName":"userWorkflowTasks","actionName":"listMine","skip":true} meta={"can":{"resource":"userWorkflowTasks","action":"listMine","role":"root"},"resourceName":"userWorkflowTasks","actionName":"listMine","skip":true} module=userWorkflowTasks submodule=listMine app=main reqId=13792e67-fbc5-47ed-beb6-44e5b6b9b0eb dataSourceKey=main
2026-09-14 11:28:32 [debug] acl params                                   module=userWorkflowTasks submodule=listMine app=main reqId=13792e67-fbc5-47ed-beb6-44e5b6b9b0eb dataSourceKey=main
2026-09-14 11:28:32 [debug] acl parsedParams                             module=userWorkflowTasks submodule=listMine app=main reqId=13792e67-fbc5-47ed-beb6-44e5b6b9b0eb dataSourceKey=main
2026-09-14 11:28:32 [debug] idp-oauth authenticate resource request      extra={"path":"/api/dataSources:listEnabled","issuer":"http://localhost:13000/api","audience":"http://localhost:13000/api/","hasBearerToken":true} meta={"path":"/api/dataSources:listEnabled","issuer":"http://localhost:13000/api","audience":"http://localhost:13000/api/","hasBearerToken":true} module=dataSources submodule=listEnabled app=main reqId=05904335-1e55-4c65-b00d-6e6f10150e1b dataSourceKey=main
2026-09-14 11:28:32 [debug] ctx permission                               extra={"can":{"resource":"dataSources","action":"listEnabled","role":"root"},"resourceName":"dataSources","actionName":"listEnabled","skip":true} meta={"can":{"resource":"dataSources","action":"listEnabled","role":"root"},"resourceName":"dataSources","actionName":"listEnabled","skip":true} module=dataSources submodule=listEnabled app=main reqId=05904335-1e55-4c65-b00d-6e6f10150e1b dataSourceKey=main
2026-09-14 11:28:32 [debug] acl params                                   module=dataSources submodule=listEnabled app=main reqId=05904335-1e55-4c65-b00d-6e6f10150e1b dataSourceKey=main
2026-09-14 11:28:32 [debug] acl parsedParams                             module=dataSources submodule=listEnabled app=main reqId=05904335-1e55-4c65-b00d-6e6f10150e1b dataSourceKey=main
2026-09-14 11:28:32 [debug] idp-oauth authenticate resource request      extra={"path":"/api/myInAppMessages:count","issuer":"http://localhost:13000/api","audience":"http://localhost:13000/api/","hasBearerToken":true} meta={"path":"/api/myInAppMessages:count","issuer":"http://localhost:13000/api","audience":"http://localhost:13000/api/","hasBearerToken":true} module=myInAppMessages submodule=count app=main reqId=1253825c-828c-4a9a-95e8-05819ccf94bd dataSourceKey=main
2026-09-14 11:28:32 [debug] ctx permission                               extra={"can":{"resource":"myInAppMessages","action":"count","role":"root"},"resourceName":"myInAppMessages","actionName":"count","skip":true} meta={"can":{"resource":"myInAppMessages","action":"count","role":"root"},"resourceName":"myInAppMessages","actionName":"count","skip":true} module=myInAppMessages submodule=count app=main reqId=1253825c-828c-4a9a-95e8-05819ccf94bd dataSourceKey=main
2026-09-14 11:28:32 [debug] acl params                                   module=myInAppMessages submodule=count app=main reqId=1253825c-828c-4a9a-95e8-05819ccf94bd dataSourceKey=main
2026-09-14 11:28:32 [debug] acl parsedParams                             module=myInAppMessages submodule=count app=main reqId=1253825c-828c-4a9a-95e8-05819ccf94bd dataSourceKey=main
2026-09-14 11:28:32 [warn]  [Workflow pre-action]: collection "myInAppMessages" not found module=myInAppMessages submodule=count app=main reqId=1253825c-828c-4a9a-95e8-05819ccf94bd dataSourceKey=main
2026-09-14 11:28:32 [debug] idp-oauth authenticate resource request      extra={"path":"/api/uiSchemaTemplates:list","issuer":"http://localhost:13000/api","audience":"http://localhost:13000/api/","hasBearerToken":true} meta={"path":"/api/uiSchemaTemplates:list","issuer":"http://localhost:13000/api","audience":"http://localhost:13000/api/","hasBearerToken":true} module=uiSchemaTemplates submodule=list app=main reqId=fbbe8c61-63fc-4920-8839-8367f3232b94 dataSourceKey=main
2026-09-14 11:28:32 [debug] ctx permission                               extra={"can":{"resource":"uiSchemaTemplates","action":"list","role":"root"},"resourceName":"uiSchemaTemplates","actionName":"list","skip":true} meta={"can":{"resource":"uiSchemaTemplates","action":"list","role":"root"},"resourceName":"uiSchemaTemplates","actionName":"list","skip":true} module=uiSchemaTemplates submodule=list app=main reqId=fbbe8c61-63fc-4920-8839-8367f3232b94 dataSourceKey=main
2026-09-14 11:28:32 [debug] acl params                                   module=uiSchemaTemplates submodule=list app=main reqId=fbbe8c61-63fc-4920-8839-8367f3232b94 dataSourceKey=main
2026-09-14 11:28:32 [debug] acl parsedParams                             module=uiSchemaTemplates submodule=list app=main reqId=fbbe8c61-63fc-4920-8839-8367f3232b94 dataSourceKey=main
2026-09-14 11:28:32 [debug] ctx permission                               extra={"can":{"resource":"asyncTasks","action":"view","role":"root"},"resourceName":"asyncTasks","actionName":"view","skip":true} meta={"can":{"resource":"asyncTasks","action":"view","role":"root"},"resourceName":"asyncTasks","actionName":"view","skip":true} module=asyncTasks submodule=list app=main reqId=1f419e90-2010-4ced-895c-605b0910176e dataSourceKey=main
2026-09-14 11:28:32 [debug] acl params                                   module=asyncTasks submodule=list app=main reqId=1f419e90-2010-4ced-895c-605b0910176e dataSourceKey=main
2026-09-14 11:28:32 [debug] acl parsedParams                             module=asyncTasks submodule=list app=main reqId=1f419e90-2010-4ced-895c-605b0910176e dataSourceKey=main
2026-09-14 11:28:32 [debug] ctx permission                               extra={"can":{"resource":"asyncTasks","action":"update","role":"root"},"resourceName":"asyncTasks","actionName":"update","skip":true} meta={"can":{"resource":"asyncTasks","action":"update","role":"root"},"resourceName":"asyncTasks","actionName":"update","skip":true} module=asyncTasks submodule=list app=main reqId=1f419e90-2010-4ced-895c-605b0910176e dataSourceKey=main
2026-09-14 11:28:32 [debug] acl params                                   module=asyncTasks submodule=list app=main reqId=1f419e90-2010-4ced-895c-605b0910176e dataSourceKey=main
2026-09-14 11:28:32 [debug] acl parsedParams                             module=asyncTasks submodule=list app=main reqId=1f419e90-2010-4ced-895c-605b0910176e dataSourceKey=main
2026-09-14 11:28:32 [debug] ctx permission                               extra={"can":{"resource":"asyncTasks","action":"destroy","role":"root"},"resourceName":"asyncTasks","actionName":"destroy","skip":true} meta={"can":{"resource":"asyncTasks","action":"destroy","role":"root"},"resourceName":"asyncTasks","actionName":"destroy","skip":true} module=asyncTasks submodule=list app=main reqId=1f419e90-2010-4ced-895c-605b0910176e dataSourceKey=main
2026-09-14 11:28:32 [debug] acl params                                   module=asyncTasks submodule=list app=main reqId=1f419e90-2010-4ced-895c-605b0910176e dataSourceKey=main
2026-09-14 11:28:32 [debug] acl parsedParams                             module=asyncTasks submodule=list app=main reqId=1f419e90-2010-4ced-895c-605b0910176e dataSourceKey=main
2026-09-14 11:28:32 [debug] idp-oauth authenticate resource request      extra={"path":"/api/app:getInfo","issuer":"http://localhost:13000/api","audience":"http://localhost:13000/api/","hasBearerToken":true} meta={"path":"/api/app:getInfo","issuer":"http://localhost:13000/api","audience":"http://localhost:13000/api/","hasBearerToken":true} module=app submodule=getInfo app=main reqId=de7e2e46-b693-426c-b343-aea94c2e5146 dataSourceKey=main
2026-09-14 11:28:32 [debug] ctx permission                               extra={"can":null,"resourceName":"app","actionName":"getInfo","skip":true} meta={"can":null,"resourceName":"app","actionName":"getInfo","skip":true} module=app submodule=getInfo app=main reqId=de7e2e46-b693-426c-b343-aea94c2e5146 dataSourceKey=main
2026-09-14 11:28:32 [debug] acl params                                   module=app submodule=getInfo app=main reqId=de7e2e46-b693-426c-b343-aea94c2e5146 dataSourceKey=main
2026-09-14 11:28:32 [debug] acl parsedParams                             module=app submodule=getInfo app=main reqId=de7e2e46-b693-426c-b343-aea94c2e5146 dataSourceKey=main
2026-09-14 11:28:32 [warn]  [Workflow pre-action]: collection "app" not found module=app submodule=getInfo app=main reqId=de7e2e46-b693-426c-b343-aea94c2e5146 dataSourceKey=main
2026-09-14 11:28:32 [debug] ctx permission                               extra={"can":{"resource":"uiSchemaTemplates","action":"view","role":"root"},"resourceName":"uiSchemaTemplates","actionName":"view","skip":true} meta={"can":{"resource":"uiSchemaTemplates","action":"view","role":"root"},"resourceName":"uiSchemaTemplates","actionName":"view","skip":true} module=uiSchemaTemplates submodule=list app=main reqId=fbbe8c61-63fc-4920-8839-8367f3232b94 dataSourceKey=main
2026-09-14 11:28:32 [debug] acl params                                   module=uiSchemaTemplates submodule=list app=main reqId=fbbe8c61-63fc-4920-8839-8367f3232b94 dataSourceKey=main
2026-09-14 11:28:32 [debug] acl parsedParams                             module=uiSchemaTemplates submodule=list app=main reqId=fbbe8c61-63fc-4920-8839-8367f3232b94 dataSourceKey=main
2026-09-14 11:28:32 [debug] ctx permission                               extra={"can":{"resource":"uiSchemaTemplates","action":"update","role":"root"},"resourceName":"uiSchemaTemplates","actionName":"update","skip":true} meta={"can":{"resource":"uiSchemaTemplates","action":"update","role":"root"},"resourceName":"uiSchemaTemplates","actionName":"update","skip":true} module=uiSchemaTemplates submodule=list app=main reqId=fbbe8c61-63fc-4920-8839-8367f3232b94 dataSourceKey=main
2026-09-14 11:28:32 [debug] acl params                                   module=uiSchemaTemplates submodule=list app=main reqId=fbbe8c61-63fc-4920-8839-8367f3232b94 dataSourceKey=main
2026-09-14 11:28:32 [debug] acl parsedParams                             module=uiSchemaTemplates submodule=list app=main reqId=fbbe8c61-63fc-4920-8839-8367f3232b94 dataSourceKey=main
2026-09-14 11:28:32 [debug] ctx permission                               extra={"can":{"resource":"uiSchemaTemplates","action":"destroy","role":"root"},"resourceName":"uiSchemaTemplates","actionName":"destroy","skip":true} meta={"can":{"resource":"uiSchemaTemplates","action":"destroy","role":"root"},"resourceName":"uiSchemaTemplates","actionName":"destroy","skip":true} module=uiSchemaTemplates submodule=list app=main reqId=fbbe8c61-63fc-4920-8839-8367f3232b94 dataSourceKey=main
2026-09-14 11:28:32 [debug] acl params                                   module=uiSchemaTemplates submodule=list app=main reqId=fbbe8c61-63fc-4920-8839-8367f3232b94 dataSourceKey=main
2026-09-14 11:28:32 [debug] acl parsedParams                             module=uiSchemaTemplates submodule=list app=main reqId=fbbe8c61-63fc-4920-8839-8367f3232b94 dataSourceKey=main
2026-09-14 11:28:32 [debug] ctx permission                               extra={"can":{"resource":"auth","action":"checkLegacyFileAccess","role":"root"},"resourceName":"auth","actionName":"checkLegacyFileAccess","skip":true} meta={"can":{"resource":"auth","action":"checkLegacyFileAccess","role":"root"},"resourceName":"auth","actionName":"checkLegacyFileAccess","skip":true} app=main reqId=535c75fc-82cc-459e-8fe4-f87c30ad4572 dataSourceKey=main
2026-09-14 11:28:32 [debug] acl params                                   app=main reqId=535c75fc-82cc-459e-8fe4-f87c30ad4572 dataSourceKey=main
2026-09-14 11:28:32 [debug] acl parsedParams                             app=main reqId=535c75fc-82cc-459e-8fe4-f87c30ad4572 dataSourceKey=main
2026-09-14 11:28:32 [warn]  [Workflow pre-action]: collection "auth" not found app=main reqId=535c75fc-82cc-459e-8fe4-f87c30ad4572 dataSourceKey=main
2026-09-14 11:28:32 [debug] idp-oauth authenticate resource request      extra={"path":"/api/collections:listMeta","issuer":"http://localhost:13000/api","audience":"http://localhost:13000/api/","hasBearerToken":true} meta={"path":"/api/collections:listMeta","issuer":"http://localhost:13000/api","audience":"http://localhost:13000/api/","hasBearerToken":true} module=collections submodule=listMeta app=main reqId=51130ffc-32a2-4924-a9b4-2d894722cdd8 dataSourceKey=main
2026-09-14 11:28:32 [debug] ctx permission                               extra={"can":{"resource":"collections","action":"listMeta","role":"root"},"resourceName":"collections","actionName":"listMeta","skip":true} meta={"can":{"resource":"collections","action":"listMeta","role":"root"},"resourceName":"collections","actionName":"listMeta","skip":true} module=collections submodule=listMeta app=main reqId=51130ffc-32a2-4924-a9b4-2d894722cdd8 dataSourceKey=main
2026-09-14 11:28:32 [debug] acl params                                   module=collections submodule=listMeta app=main reqId=51130ffc-32a2-4924-a9b4-2d894722cdd8 dataSourceKey=main
2026-09-14 11:28:32 [debug] acl parsedParams                             module=collections submodule=listMeta app=main reqId=51130ffc-32a2-4924-a9b4-2d894722cdd8 dataSourceKey=main
2026-09-14 11:28:58 [debug] Running cleanup for completed tasks...       module=application app=main reqId=120eb840-f181-4777-b084-56511b14d04c dataSourceKey=main
2026-09-14 11:28:59 [debug] Found 0 tasks to cleanup                     module=application app=main reqId=120eb840-f181-4777-b084-56511b14d04c dataSourceKey=main
2026-09-14 11:29:58 [debug] Running cleanup for completed tasks...       module=application app=main reqId=120eb840-f181-4777-b084-56511b14d04c dataSourceKey=main
2026-09-14 11:29:59 [debug] Found 0 tasks to cleanup                     module=application app=main reqId=120eb840-f181-4777-b084-56511b14d04c dataSourceKey=main
2026-09-14 11:30:58 [debug] Running cleanup for completed tasks...       module=application app=main reqId=120eb840-f181-4777-b084-56511b14d04c dataSourceKey=main
2026-09-14 11:30:59 [debug] Found 0 tasks to cleanup                     module=application app=main reqId=120eb840-f181-4777-b084-56511b14d04c dataSourceKey=main
2026-09-14 11:31:58 [debug] Running cleanup for completed tasks...       module=application app=main reqId=120eb840-f181-4777-b084-56511b14d04c dataSourceKey=main
2026-09-14 11:31:59 [debug] Found 0 tasks to cleanup                     module=application app=main reqId=120eb840-f181-4777-b084-56511b14d04c dataSourceKey=main
2026-09-14 11:32:58 [debug] Running cleanup for completed tasks...       module=application app=main reqId=120eb840-f181-4777-b084-56511b14d04c dataSourceKey=main
2026-09-14 11:32:59 [debug] Found 0 tasks to cleanup                     module=application app=main reqId=120eb840-f181-4777-b084-56511b14d04c dataSourceKey=main
2026-09-14 11:33:58 [debug] Running cleanup for completed tasks...       module=application app=main reqId=120eb840-f181-4777-b084-56511b14d04c dataSourceKey=main
2026-09-14 11:33:59 [debug] Found 0 tasks to cleanup                     module=application app=main reqId=120eb840-f181-4777-b084-56511b14d04c dataSourceKey=main
2026-09-14 11:34:58 [debug] Running cleanup for completed tasks...       module=application app=main reqId=120eb840-f181-4777-b084-56511b14d04c dataSourceKey=main
2026-09-14 11:34:59 [debug] Found 0 tasks to cleanup                     module=application app=main reqId=120eb840-f181-4777-b084-56511b14d04c dataSourceKey=main
2026-09-14 11:35:58 [debug] Running cleanup for completed tasks...       module=application app=main reqId=120eb840-f181-4777-b084-56511b14d04c dataSourceKey=main
2026-09-14 11:35:59 [debug] Found 0 tasks to cleanup                     module=application app=main reqId=120eb840-f181-4777-b084-56511b14d04c dataSourceKey=main
2026-09-14 11:36:59 [debug] Running cleanup for completed tasks...       module=application app=main reqId=120eb840-f181-4777-b084-56511b14d04c dataSourceKey=main
2026-09-14 11:36:59 [debug] Found 0 tasks to cleanup                     module=application app=main reqId=120eb840-f181-4777-b084-56511b14d04c dataSourceKey=main
2026-09-14 11:37:59 [debug] Running cleanup for completed tasks...       module=application app=main reqId=120eb840-f181-4777-b084-56511b14d04c dataSourceKey=main
2026-09-14 11:37:59 [debug] Found 0 tasks to cleanup                     module=application app=main reqId=120eb840-f181-4777-b084-56511b14d04c dataSourceKey=main
2026-09-14 11:38:59 [debug] Running cleanup for completed tasks...       module=application app=main reqId=120eb840-f181-4777-b084-56511b14d04c dataSourceKey=main
2026-09-14 11:38:59 [debug] Found 0 tasks to cleanup                     module=application app=main reqId=120eb840-f181-4777-b084-56511b14d04c dataSourceKey=main
2026-09-14 11:39:59 [debug] Running cleanup for completed tasks...       module=application app=main reqId=120eb840-f181-4777-b084-56511b14d04c dataSourceKey=main
2026-09-14 11:39:59 [debug] Found 0 tasks to cleanup                     module=application app=main reqId=120eb840-f181-4777-b084-56511b14d04c dataSourceKey=main
2026-09-14 11:40:59 [debug] Running cleanup for completed tasks...       module=application app=main reqId=120eb840-f181-4777-b084-56511b14d04c dataSourceKey=main
2026-09-14 11:40:59 [debug] Found 0 tasks to cleanup                     module=application app=main reqId=120eb840-f181-4777-b084-56511b14d04c dataSourceKey=main
2026-09-14 11:41:59 [debug] Running cleanup for completed tasks...       module=application app=main reqId=120eb840-f181-4777-b084-56511b14d04c dataSourceKey=main
2026-09-14 11:41:59 [debug] Found 0 tasks to cleanup                     module=application app=main reqId=120eb840-f181-4777-b084-56511b14d04c dataSourceKey=main
2026-09-14 11:42:59 [debug] Running cleanup for completed tasks...       module=application app=main reqId=120eb840-f181-4777-b084-56511b14d04c dataSourceKey=main
2026-09-14 11:42:59 [debug] Found 0 tasks to cleanup                     module=application app=main reqId=120eb840-f181-4777-b084-56511b14d04c dataSourceKey=main
2026-09-14 11:43:59 [debug] Running cleanup for completed tasks...       module=application app=main reqId=120eb840-f181-4777-b084-56511b14d04c dataSourceKey=main
2026-09-14 11:43:59 [debug] Found 0 tasks to cleanup                     module=application app=main reqId=120eb840-f181-4777-b084-56511b14d04c dataSourceKey=main
2026-09-14 11:44:59 [debug] Running cleanup for completed tasks...       module=application app=main reqId=120eb840-f181-4777-b084-56511b14d04c dataSourceKey=main
2026-09-14 11:44:59 [debug] Found 0 tasks to cleanup                     module=application app=main reqId=120eb840-f181-4777-b084-56511b14d04c dataSourceKey=main
2026-09-14 11:45:59 [debug] Running cleanup for completed tasks...       module=application app=main reqId=120eb840-f181-4777-b084-56511b14d04c dataSourceKey=main
2026-09-14 11:45:59 [debug] Found 0 tasks to cleanup                     module=application app=main reqId=120eb840-f181-4777-b084-56511b14d04c dataSourceKey=main
2026-09-14 11:46:59 [debug] Running cleanup for completed tasks...       module=application app=main reqId=120eb840-f181-4777-b084-56511b14d04c dataSourceKey=main
2026-09-14 11:46:59 [debug] Found 0 tasks to cleanup                     module=application app=main reqId=120eb840-f181-4777-b084-56511b14d04c dataSourceKey=main
2026-09-14 11:47:59 [debug] Running cleanup for completed tasks...       module=application app=main reqId=120eb840-f181-4777-b084-56511b14d04c dataSourceKey=main
2026-09-14 11:47:59 [debug] Found 0 tasks to cleanup                     module=application app=main reqId=120eb840-f181-4777-b084-56511b14d04c dataSourceKey=main
2026-09-14 11:48:59 [debug] Running cleanup for completed tasks...       module=application app=main reqId=120eb840-f181-4777-b084-56511b14d04c dataSourceKey=main
2026-09-14 11:48:59 [debug] Found 0 tasks to cleanup                     module=application app=main reqId=120eb840-f181-4777-b084-56511b14d04c dataSourceKey=main
2026-09-14 11:49:59 [debug] Running cleanup for completed tasks...       module=application app=main reqId=120eb840-f181-4777-b084-56511b14d04c dataSourceKey=main
2026-09-14 11:49:59 [debug] Found 0 tasks to cleanup                     module=application app=main reqId=120eb840-f181-4777-b084-56511b14d04c dataSourceKey=main
2026-09-14 11:50:59 [debug] Running cleanup for completed tasks...       module=application app=main reqId=120eb840-f181-4777-b084-56511b14d04c dataSourceKey=main
2026-09-14 11:50:59 [debug] Found 0 tasks to cleanup                     module=application app=main reqId=120eb840-f181-4777-b084-56511b14d04c dataSourceKey=main
2026-09-14 11:51:59 [debug] Running cleanup for completed tasks...       module=application app=main reqId=120eb840-f181-4777-b084-56511b14d04c dataSourceKey=main
2026-09-14 11:51:59 [debug] Found 0 tasks to cleanup                     module=application app=main reqId=120eb840-f181-4777-b084-56511b14d04c dataSourceKey=main
2026-09-14 11:52:59 [debug] Running cleanup for completed tasks...       module=application app=main reqId=120eb840-f181-4777-b084-56511b14d04c dataSourceKey=main
2026-09-14 11:52:59 [debug] Found 0 tasks to cleanup                     module=application app=main reqId=120eb840-f181-4777-b084-56511b14d04c dataSourceKey=main
2026-09-14 11:53:59 [debug] Running cleanup for completed tasks...       module=application app=main reqId=120eb840-f181-4777-b084-56511b14d04c dataSourceKey=main
2026-09-14 11:53:59 [debug] Found 0 tasks to cleanup                     module=application app=main reqId=120eb840-f181-4777-b084-56511b14d04c dataSourceKey=main
2026-09-14 11:54:59 [debug] Running cleanup for completed tasks...       module=application app=main reqId=120eb840-f181-4777-b084-56511b14d04c dataSourceKey=main
2026-09-14 11:54:59 [debug] Found 0 tasks to cleanup                     module=application app=main reqId=120eb840-f181-4777-b084-56511b14d04c dataSourceKey=main
2026-09-14 11:55:59 [debug] Running cleanup for completed tasks...       module=application app=main reqId=120eb840-f181-4777-b084-56511b14d04c dataSourceKey=main
2026-09-14 11:55:59 [debug] Found 0 tasks to cleanup                     module=application app=main reqId=120eb840-f181-4777-b084-56511b14d04c dataSourceKey=main
2026-09-14 11:56:59 [debug] Running cleanup for completed tasks...       module=application app=main reqId=120eb840-f181-4777-b084-56511b14d04c dataSourceKey=main
2026-09-14 11:56:59 [debug] Found 0 tasks to cleanup                     module=application app=main reqId=120eb840-f181-4777-b084-56511b14d04c dataSourceKey=main
2026-09-14 11:57:59 [debug] Running cleanup for completed tasks...       module=application app=main reqId=120eb840-f181-4777-b084-56511b14d04c dataSourceKey=main
2026-09-14 11:57:59 [debug] Found 0 tasks to cleanup                     module=application app=main reqId=120eb840-f181-4777-b084-56511b14d04c dataSourceKey=main
2026-09-14 11:58:59 [debug] Running cleanup for completed tasks...       module=application app=main reqId=120eb840-f181-4777-b084-56511b14d04c dataSourceKey=main
2026-09-14 11:58:59 [debug] Found 0 tasks to cleanup                     module=application app=main reqId=120eb840-f181-4777-b084-56511b14d04c dataSourceKey=main
2026-09-14 11:59:59 [debug] Running cleanup for completed tasks...       module=application app=main reqId=120eb840-f181-4777-b084-56511b14d04c dataSourceKey=main
2026-09-14 11:59:59 [debug] Found 0 tasks to cleanup                     module=application app=main reqId=120eb840-f181-4777-b084-56511b14d04c dataSourceKey=main
2026-09-14 12:00:59 [debug] Running cleanup for completed tasks...       module=application app=main reqId=120eb840-f181-4777-b084-56511b14d04c dataSourceKey=main
2026-09-14 12:00:59 [debug] Found 0 tasks to cleanup                     module=application app=main reqId=120eb840-f181-4777-b084-56511b14d04c dataSourceKey=main
2026-09-14 12:01:59 [debug] Running cleanup for completed tasks...       module=application app=main reqId=120eb840-f181-4777-b084-56511b14d04c dataSourceKey=main
2026-09-14 12:01:59 [debug] Found 0 tasks to cleanup                     module=application app=main reqId=120eb840-f181-4777-b084-56511b14d04c dataSourceKey=main
2026-09-14 12:02:59 [debug] Running cleanup for completed tasks...       module=application app=main reqId=120eb840-f181-4777-b084-56511b14d04c dataSourceKey=main
2026-09-14 12:02:59 [debug] Found 0 tasks to cleanup                     module=application app=main reqId=120eb840-f181-4777-b084-56511b14d04c dataSourceKey=main
2026-09-14 12:03:59 [debug] Running cleanup for completed tasks...       module=application app=main reqId=120eb840-f181-4777-b084-56511b14d04c dataSourceKey=main
2026-09-14 12:03:59 [debug] Found 0 tasks to cleanup                     module=application app=main reqId=120eb840-f181-4777-b084-56511b14d04c dataSourceKey=main
2026-09-14 12:04:59 [debug] Running cleanup for completed tasks...       module=application app=main reqId=120eb840-f181-4777-b084-56511b14d04c dataSourceKey=main
2026-09-14 12:04:59 [debug] Found 0 tasks to cleanup                     module=application app=main reqId=120eb840-f181-4777-b084-56511b14d04c dataSourceKey=main
2026-09-14 12:05:59 [debug] Running cleanup for completed tasks...       module=application app=main reqId=120eb840-f181-4777-b084-56511b14d04c dataSourceKey=main
2026-09-14 12:05:59 [debug] Found 0 tasks to cleanup                     module=application app=main reqId=120eb840-f181-4777-b084-56511b14d04c dataSourceKey=main
2026-09-14 12:06:59 [debug] Running cleanup for completed tasks...       module=application app=main reqId=120eb840-f181-4777-b084-56511b14d04c dataSourceKey=main
2026-09-14 12:06:59 [debug] Found 0 tasks to cleanup                     module=application app=main reqId=120eb840-f181-4777-b084-56511b14d04c dataSourceKey=main
2026-09-14 12:07:59 [debug] Running cleanup for completed tasks...       module=application app=main reqId=120eb840-f181-4777-b084-56511b14d04c dataSourceKey=main
2026-09-14 12:07:59 [debug] Found 0 tasks to cleanup                     module=application app=main reqId=120eb840-f181-4777-b084-56511b14d04c dataSourceKey=main
2026-09-14 12:08:59 [debug] Running cleanup for completed tasks...       module=application app=main reqId=120eb840-f181-4777-b084-56511b14d04c dataSourceKey=main
2026-09-14 12:08:59 [debug] Found 0 tasks to cleanup                     module=application app=main reqId=120eb840-f181-4777-b084-56511b14d04c dataSourceKey=main
2026-09-14 12:09:59 [debug] Running cleanup for completed tasks...       module=application app=main reqId=120eb840-f181-4777-b084-56511b14d04c dataSourceKey=main
2026-09-14 12:09:59 [debug] Found 0 tasks to cleanup                     module=application app=main reqId=120eb840-f181-4777-b084-56511b14d04c dataSourceKey=main
2026-09-14 12:10:59 [debug] Running cleanup for completed tasks...       module=application app=main reqId=120eb840-f181-4777-b084-56511b14d04c dataSourceKey=main
2026-09-14 12:10:59 [debug] Found 0 tasks to cleanup                     module=application app=main reqId=120eb840-f181-4777-b084-56511b14d04c dataSourceKey=main
2026-09-14 12:11:59 [debug] Running cleanup for completed tasks...       module=application app=main reqId=120eb840-f181-4777-b084-56511b14d04c dataSourceKey=main
2026-09-14 12:11:59 [debug] Found 0 tasks to cleanup                     module=application app=main reqId=120eb840-f181-4777-b084-56511b14d04c dataSourceKey=main
2026-09-14 12:12:59 [debug] Running cleanup for completed tasks...       module=application app=main reqId=120eb840-f181-4777-b084-56511b14d04c dataSourceKey=main
2026-09-14 12:12:59 [debug] Found 0 tasks to cleanup                     module=application app=main reqId=120eb840-f181-4777-b084-56511b14d04c dataSourceKey=main
2026-09-14 12:13:59 [debug] Running cleanup for completed tasks...       module=application app=main reqId=120eb840-f181-4777-b084-56511b14d04c dataSourceKey=main
2026-09-14 12:13:59 [debug] Found 0 tasks to cleanup                     module=application app=main reqId=120eb840-f181-4777-b084-56511b14d04c dataSourceKey=main
2026-09-14 12:14:59 [debug] Running cleanup for completed tasks...       module=application app=main reqId=120eb840-f181-4777-b084-56511b14d04c dataSourceKey=main
2026-09-14 12:14:59 [debug] Found 0 tasks to cleanup                     module=application app=main reqId=120eb840-f181-4777-b084-56511b14d04c dataSourceKey=main
2026-09-14 12:15:59 [debug] Running cleanup for completed tasks...       module=application app=main reqId=120eb840-f181-4777-b084-56511b14d04c dataSourceKey=main
2026-09-14 12:15:59 [debug] Found 0 tasks to cleanup                     module=application app=main reqId=120eb840-f181-4777-b084-56511b14d04c dataSourceKey=main
2026-09-14 12:16:59 [debug] Running cleanup for completed tasks...       module=application app=main reqId=120eb840-f181-4777-b084-56511b14d04c dataSourceKey=main
2026-09-14 12:16:59 [debug] Found 0 tasks to cleanup                     module=application app=main reqId=120eb840-f181-4777-b084-56511b14d04c dataSourceKey=main
2026-09-14 12:17:59 [debug] Running cleanup for completed tasks...       module=application app=main reqId=120eb840-f181-4777-b084-56511b14d04c dataSourceKey=main
2026-09-14 12:17:59 [debug] Found 0 tasks to cleanup                     module=application app=main reqId=120eb840-f181-4777-b084-56511b14d04c dataSourceKey=main
2026-09-14 12:18:59 [debug] Running cleanup for completed tasks...       module=application app=main reqId=120eb840-f181-4777-b084-56511b14d04c dataSourceKey=main
2026-09-14 12:18:59 [debug] Found 0 tasks to cleanup                     module=application app=main reqId=120eb840-f181-4777-b084-56511b14d04c dataSourceKey=main
2026-09-14 12:19:59 [debug] Running cleanup for completed tasks...       module=application app=main reqId=120eb840-f181-4777-b084-56511b14d04c dataSourceKey=main
2026-09-14 12:19:59 [debug] Found 0 tasks to cleanup                     module=application app=main reqId=120eb840-f181-4777-b084-56511b14d04c dataSourceKey=main
2026-09-14 12:20:59 [debug] Running cleanup for completed tasks...       module=application app=main reqId=120eb840-f181-4777-b084-56511b14d04c dataSourceKey=main
2026-09-14 12:20:59 [debug] Found 0 tasks to cleanup                     module=application app=main reqId=120eb840-f181-4777-b084-56511b14d04c dataSourceKey=main
2026-09-14 12:21:59 [debug] Running cleanup for completed tasks...       module=application app=main reqId=120eb840-f181-4777-b084-56511b14d04c dataSourceKey=main
2026-09-14 12:21:59 [debug] Found 0 tasks to cleanup                     module=application app=main reqId=120eb840-f181-4777-b084-56511b14d04c dataSourceKey=main
2026-09-14 12:22:59 [debug] Running cleanup for completed tasks...       module=application app=main reqId=120eb840-f181-4777-b084-56511b14d04c dataSourceKey=main
2026-09-14 12:22:59 [debug] Found 0 tasks to cleanup                     module=application app=main reqId=120eb840-f181-4777-b084-56511b14d04c dataSourceKey=main
2026-09-14 12:23:59 [debug] Running cleanup for completed tasks...       module=application app=main reqId=120eb840-f181-4777-b084-56511b14d04c dataSourceKey=main
2026-09-14 12:23:59 [debug] Found 0 tasks to cleanup                     module=application app=main reqId=120eb840-f181-4777-b084-56511b14d04c dataSourceKey=main
2026-09-14 12:24:59 [debug] Running cleanup for completed tasks...       module=application app=main reqId=120eb840-f181-4777-b084-56511b14d04c dataSourceKey=main
2026-09-14 12:24:59 [debug] Found 0 tasks to cleanup                     module=application app=main reqId=120eb840-f181-4777-b084-56511b14d04c dataSourceKey=main
2026-09-14 12:25:59 [debug] Running cleanup for completed tasks...       module=application app=main reqId=120eb840-f181-4777-b084-56511b14d04c dataSourceKey=main
2026-09-14 12:25:59 [debug] Found 0 tasks to cleanup                     module=application app=main reqId=120eb840-f181-4777-b084-56511b14d04c dataSourceKey=main
2026-09-14 12:26:59 [debug] Running cleanup for completed tasks...       module=application app=main reqId=120eb840-f181-4777-b084-56511b14d04c dataSourceKey=main
2026-09-14 12:26:59 [debug] Found 0 tasks to cleanup                     module=application app=main reqId=120eb840-f181-4777-b084-56511b14d04c dataSourceKey=main
2026-09-14 12:27:59 [debug] Running cleanup for completed tasks...       module=application app=main reqId=120eb840-f181-4777-b084-56511b14d04c dataSourceKey=main
2026-09-14 12:27:59 [debug] Found 0 tasks to cleanup                     module=application app=main reqId=120eb840-f181-4777-b084-56511b14d04c dataSourceKey=main
2026-09-14 12:28:59 [debug] Running cleanup for completed tasks...       module=application app=main reqId=120eb840-f181-4777-b084-56511b14d04c dataSourceKey=main
2026-09-14 12:28:59 [debug] Found 0 tasks to cleanup                     module=application app=main reqId=120eb840-f181-4777-b084-56511b14d04c dataSourceKey=main
2026-09-14 12:29:59 [debug] Running cleanup for completed tasks...       module=application app=main reqId=120eb840-f181-4777-b084-56511b14d04c dataSourceKey=main
2026-09-14 12:29:59 [debug] Found 0 tasks to cleanup                     module=application app=main reqId=120eb840-f181-4777-b084-56511b14d04c dataSourceKey=main
2026-09-14 12:30:59 [debug] Running cleanup for completed tasks...       module=application app=main reqId=120eb840-f181-4777-b084-56511b14d04c dataSourceKey=main
2026-09-14 12:30:59 [debug] Found 0 tasks to cleanup                     module=application app=main reqId=120eb840-f181-4777-b084-56511b14d04c dataSourceKey=main
2026-09-14 12:31:59 [debug] Running cleanup for completed tasks...       module=application app=main reqId=120eb840-f181-4777-b084-56511b14d04c dataSourceKey=main
2026-09-14 12:31:59 [debug] Found 0 tasks to cleanup                     module=application app=main reqId=120eb840-f181-4777-b084-56511b14d04c dataSourceKey=main
2026-09-14 12:32:59 [debug] Running cleanup for completed tasks...       module=application app=main reqId=120eb840-f181-4777-b084-56511b14d04c dataSourceKey=main
2026-09-14 12:32:59 [debug] Found 0 tasks to cleanup                     module=application app=main reqId=120eb840-f181-4777-b084-56511b14d04c dataSourceKey=main
2026-09-14 12:33:59 [debug] Running cleanup for completed tasks...       module=application app=main reqId=120eb840-f181-4777-b084-56511b14d04c dataSourceKey=main
2026-09-14 12:33:59 [debug] Found 0 tasks to cleanup                     module=application app=main reqId=120eb840-f181-4777-b084-56511b14d04c dataSourceKey=main
2026-09-14 12:34:59 [debug] Running cleanup for completed tasks...       module=application app=main reqId=120eb840-f181-4777-b084-56511b14d04c dataSourceKey=main
2026-09-14 12:34:59 [debug] Found 0 tasks to cleanup                     module=application app=main reqId=120eb840-f181-4777-b084-56511b14d04c dataSourceKey=main
2026-09-14 12:35:59 [debug] Running cleanup for completed tasks...       module=application app=main reqId=120eb840-f181-4777-b084-56511b14d04c dataSourceKey=main
2026-09-14 12:35:59 [debug] Found 0 tasks to cleanup                     module=application app=main reqId=120eb840-f181-4777-b084-56511b14d04c dataSourceKey=main
2026-09-14 12:36:59 [debug] Running cleanup for completed tasks...       module=application app=main reqId=120eb840-f181-4777-b084-56511b14d04c dataSourceKey=main
2026-09-14 12:36:59 [debug] Found 0 tasks to cleanup                     module=application app=main reqId=120eb840-f181-4777-b084-56511b14d04c dataSourceKey=main
2026-09-14 12:37:59 [debug] Running cleanup for completed tasks...       module=application app=main reqId=120eb840-f181-4777-b084-56511b14d04c dataSourceKey=main
2026-09-14 12:37:59 [debug] Found 0 tasks to cleanup                     module=application app=main reqId=120eb840-f181-4777-b084-56511b14d04c dataSourceKey=main
2026-09-14 12:38:59 [debug] Running cleanup for completed tasks...       module=application app=main reqId=120eb840-f181-4777-b084-56511b14d04c dataSourceKey=main
2026-09-14 12:38:59 [debug] Found 0 tasks to cleanup                     module=application app=main reqId=120eb840-f181-4777-b084-56511b14d04c dataSourceKey=main
2026-09-14 12:39:59 [debug] Running cleanup for completed tasks...       module=application app=main reqId=120eb840-f181-4777-b084-56511b14d04c dataSourceKey=main
2026-09-14 12:39:59 [debug] Found 0 tasks to cleanup                     module=application app=main reqId=120eb840-f181-4777-b084-56511b14d04c dataSourceKey=main
2026-09-14 12:40:59 [debug] Running cleanup for completed tasks...       module=application app=main reqId=120eb840-f181-4777-b084-56511b14d04c dataSourceKey=main
2026-09-14 12:40:59 [debug] Found 0 tasks to cleanup                     module=application app=main reqId=120eb840-f181-4777-b084-56511b14d04c dataSourceKey=main
2026-09-14 12:41:59 [debug] Running cleanup for completed tasks...       module=application app=main reqId=120eb840-f181-4777-b084-56511b14d04c dataSourceKey=main
2026-09-14 12:42:00 [debug] Found 0 tasks to cleanup                     module=application app=main reqId=120eb840-f181-4777-b084-56511b14d04c dataSourceKey=main
2026-09-14 12:42:59 [debug] Running cleanup for completed tasks...       module=application app=main reqId=120eb840-f181-4777-b084-56511b14d04c dataSourceKey=main
2026-09-14 12:42:59 [debug] Found 0 tasks to cleanup                     module=application app=main reqId=120eb840-f181-4777-b084-56511b14d04c dataSourceKey=main
2026-09-14 12:43:59 [debug] Running cleanup for completed tasks...       module=application app=main reqId=120eb840-f181-4777-b084-56511b14d04c dataSourceKey=main
2026-09-14 12:43:59 [debug] Found 0 tasks to cleanup                     module=application app=main reqId=120eb840-f181-4777-b084-56511b14d04c dataSourceKey=main
2026-09-14 12:44:59 [debug] Running cleanup for completed tasks...       module=application app=main reqId=120eb840-f181-4777-b084-56511b14d04c dataSourceKey=main
2026-09-14 12:45:00 [debug] Found 0 tasks to cleanup                     module=application app=main reqId=120eb840-f181-4777-b084-56511b14d04c dataSourceKey=main
2026-09-14 12:45:59 [debug] Running cleanup for completed tasks...       module=application app=main reqId=120eb840-f181-4777-b084-56511b14d04c dataSourceKey=main
2026-09-14 12:45:59 [debug] Found 0 tasks to cleanup                     module=application app=main reqId=120eb840-f181-4777-b084-56511b14d04c dataSourceKey=main
2026-09-14 12:46:59 [debug] Running cleanup for completed tasks...       module=application app=main reqId=120eb840-f181-4777-b084-56511b14d04c dataSourceKey=main
2026-09-14 12:46:59 [debug] Found 0 tasks to cleanup                     module=application app=main reqId=120eb840-f181-4777-b084-56511b14d04c dataSourceKey=main
2026-09-14 12:47:59 [debug] Running cleanup for completed tasks...       module=application app=main reqId=120eb840-f181-4777-b084-56511b14d04c dataSourceKey=main
2026-09-14 12:47:59 [debug] Found 0 tasks to cleanup                     module=application app=main reqId=120eb840-f181-4777-b084-56511b14d04c dataSourceKey=main
2026-09-14 12:48:59 [debug] Running cleanup for completed tasks...       module=application app=main reqId=120eb840-f181-4777-b084-56511b14d04c dataSourceKey=main
2026-09-14 12:49:00 [debug] Found 0 tasks to cleanup                     module=application app=main reqId=120eb840-f181-4777-b084-56511b14d04c dataSourceKey=main
2026-09-14 12:49:59 [debug] Running cleanup for completed tasks...       module=application app=main reqId=120eb840-f181-4777-b084-56511b14d04c dataSourceKey=main
2026-09-14 12:49:59 [debug] Found 0 tasks to cleanup                     module=application app=main reqId=120eb840-f181-4777-b084-56511b14d04c dataSourceKey=main
2026-09-14 12:50:59 [debug] Running cleanup for completed tasks...       module=application app=main reqId=120eb840-f181-4777-b084-56511b14d04c dataSourceKey=main
2026-09-14 12:51:00 [debug] Found 0 tasks to cleanup                     module=application app=main reqId=120eb840-f181-4777-b084-56511b14d04c dataSourceKey=main
2026-09-14 12:51:59 [debug] Running cleanup for completed tasks...       module=application app=main reqId=120eb840-f181-4777-b084-56511b14d04c dataSourceKey=main
2026-09-14 12:51:59 [debug] Found 0 tasks to cleanup                     module=application app=main reqId=120eb840-f181-4777-b084-56511b14d04c dataSourceKey=main
2026-09-14 12:52:59 [debug] Running cleanup for completed tasks...       module=application app=main reqId=120eb840-f181-4777-b084-56511b14d04c dataSourceKey=main
2026-09-14 12:52:59 [debug] Found 0 tasks to cleanup                     module=application app=main reqId=120eb840-f181-4777-b084-56511b14d04c dataSourceKey=main
2026-09-14 12:53:59 [debug] Running cleanup for completed tasks...       module=application app=main reqId=120eb840-f181-4777-b084-56511b14d04c dataSourceKey=main
2026-09-14 12:53:59 [debug] Found 0 tasks to cleanup                     module=application app=main reqId=120eb840-f181-4777-b084-56511b14d04c dataSourceKey=main
2026-09-14 12:54:59 [debug] Running cleanup for completed tasks...       module=application app=main reqId=120eb840-f181-4777-b084-56511b14d04c dataSourceKey=main
2026-09-14 12:55:00 [debug] Found 0 tasks to cleanup                     module=application app=main reqId=120eb840-f181-4777-b084-56511b14d04c dataSourceKey=main
2026-09-14 12:55:59 [debug] Running cleanup for completed tasks...       module=application app=main reqId=120eb840-f181-4777-b084-56511b14d04c dataSourceKey=main
2026-09-14 12:56:00 [debug] Found 0 tasks to cleanup                     module=application app=main reqId=120eb840-f181-4777-b084-56511b14d04c dataSourceKey=main
2026-09-14 12:56:59 [debug] Running cleanup for completed tasks...       module=application app=main reqId=120eb840-f181-4777-b084-56511b14d04c dataSourceKey=main
2026-09-14 12:56:59 [debug] Found 0 tasks to cleanup                     module=application app=main reqId=120eb840-f181-4777-b084-56511b14d04c dataSourceKey=main
2026-09-14 12:57:59 [debug] Running cleanup for completed tasks...       module=application app=main reqId=120eb840-f181-4777-b084-56511b14d04c dataSourceKey=main
2026-09-14 12:57:59 [debug] Found 0 tasks to cleanup                     module=application app=main reqId=120eb840-f181-4777-b084-56511b14d04c dataSourceKey=main
2026-09-14 12:58:59 [debug] Running cleanup for completed tasks...       module=application app=main reqId=120eb840-f181-4777-b084-56511b14d04c dataSourceKey=main
2026-09-14 12:58:59 [debug] Found 0 tasks to cleanup                     module=application app=main reqId=120eb840-f181-4777-b084-56511b14d04c dataSourceKey=main
2026-09-14 12:59:59 [debug] Running cleanup for completed tasks...       module=application app=main reqId=120eb840-f181-4777-b084-56511b14d04c dataSourceKey=main
2026-09-14 13:00:00 [debug] Found 0 tasks to cleanup                     module=application app=main reqId=120eb840-f181-4777-b084-56511b14d04c dataSourceKey=main
2026-09-14 13:00:59 [debug] Running cleanup for completed tasks...       module=application app=main reqId=120eb840-f181-4777-b084-56511b14d04c dataSourceKey=main
2026-09-14 13:01:00 [debug] Found 0 tasks to cleanup                     module=application app=main reqId=120eb840-f181-4777-b084-56511b14d04c dataSourceKey=main
2026-09-14 13:01:59 [debug] Running cleanup for completed tasks...       module=application app=main reqId=120eb840-f181-4777-b084-56511b14d04c dataSourceKey=main
2026-09-14 13:02:00 [debug] Found 0 tasks to cleanup                     module=application app=main reqId=120eb840-f181-4777-b084-56511b14d04c dataSourceKey=main
2026-09-14 13:02:59 [debug] Running cleanup for completed tasks...       module=application app=main reqId=120eb840-f181-4777-b084-56511b14d04c dataSourceKey=main
2026-09-14 13:02:59 [debug] Found 0 tasks to cleanup                     module=application app=main reqId=120eb840-f181-4777-b084-56511b14d04c dataSourceKey=main
2026-09-14 13:03:59 [debug] Running cleanup for completed tasks...       module=application app=main reqId=120eb840-f181-4777-b084-56511b14d04c dataSourceKey=main
2026-09-14 13:04:00 [debug] Found 0 tasks to cleanup                     module=application app=main reqId=120eb840-f181-4777-b084-56511b14d04c dataSourceKey=main
2026-09-14 13:04:59 [debug] Running cleanup for completed tasks...       module=application app=main reqId=120eb840-f181-4777-b084-56511b14d04c dataSourceKey=main
2026-09-14 13:04:59 [debug] Found 0 tasks to cleanup                     module=application app=main reqId=120eb840-f181-4777-b084-56511b14d04c dataSourceKey=main
2026-09-14 13:05:59 [debug] Running cleanup for completed tasks...       module=application app=main reqId=120eb840-f181-4777-b084-56511b14d04c dataSourceKey=main
2026-09-14 13:05:59 [debug] Found 0 tasks to cleanup                     module=application app=main reqId=120eb840-f181-4777-b084-56511b14d04c dataSourceKey=main
2026-09-14 13:06:59 [debug] Running cleanup for completed tasks...       module=application app=main reqId=120eb840-f181-4777-b084-56511b14d04c dataSourceKey=main
2026-09-14 13:07:00 [debug] Found 0 tasks to cleanup                     module=application app=main reqId=120eb840-f181-4777-b084-56511b14d04c dataSourceKey=main
2026-09-14 13:07:59 [debug] Running cleanup for completed tasks...       module=application app=main reqId=120eb840-f181-4777-b084-56511b14d04c dataSourceKey=main
2026-09-14 13:07:59 [debug] Found 0 tasks to cleanup                     module=application app=main reqId=120eb840-f181-4777-b084-56511b14d04c dataSourceKey=main
2026-09-14 13:08:59 [debug] Running cleanup for completed tasks...       module=application app=main reqId=120eb840-f181-4777-b084-56511b14d04c dataSourceKey=main
2026-09-14 13:09:00 [debug] Found 0 tasks to cleanup                     module=application app=main reqId=120eb840-f181-4777-b084-56511b14d04c dataSourceKey=main
2026-09-14 13:09:59 [debug] Running cleanup for completed tasks...       module=application app=main reqId=120eb840-f181-4777-b084-56511b14d04c dataSourceKey=main
2026-09-14 13:09:59 [debug] Found 0 tasks to cleanup                     module=application app=main reqId=120eb840-f181-4777-b084-56511b14d04c dataSourceKey=main
2026-09-14 13:10:59 [debug] Running cleanup for completed tasks...       module=application app=main reqId=120eb840-f181-4777-b084-56511b14d04c dataSourceKey=main
2026-09-14 13:10:59 [debug] Found 0 tasks to cleanup                     module=application app=main reqId=120eb840-f181-4777-b084-56511b14d04c dataSourceKey=main
2026-09-14 13:11:59 [debug] Running cleanup for completed tasks...       module=application app=main reqId=120eb840-f181-4777-b084-56511b14d04c dataSourceKey=main
2026-09-14 13:12:00 [debug] Found 0 tasks to cleanup                     module=application app=main reqId=120eb840-f181-4777-b084-56511b14d04c dataSourceKey=main
2026-09-14 13:12:59 [debug] Running cleanup for completed tasks...       module=application app=main reqId=120eb840-f181-4777-b084-56511b14d04c dataSourceKey=main
2026-09-14 13:12:59 [debug] Found 0 tasks to cleanup                     module=application app=main reqId=120eb840-f181-4777-b084-56511b14d04c dataSourceKey=main
2026-09-14 13:13:59 [debug] Running cleanup for completed tasks...       module=application app=main reqId=120eb840-f181-4777-b084-56511b14d04c dataSourceKey=main
2026-09-14 13:14:00 [debug] Found 0 tasks to cleanup                     module=application app=main reqId=120eb840-f181-4777-b084-56511b14d04c dataSourceKey=main
2026-09-14 13:14:59 [debug] Running cleanup for completed tasks...       module=application app=main reqId=120eb840-f181-4777-b084-56511b14d04c dataSourceKey=main
2026-09-14 13:15:00 [debug] Found 0 tasks to cleanup                     module=application app=main reqId=120eb840-f181-4777-b084-56511b14d04c dataSourceKey=main
2026-09-14 13:15:59 [debug] Running cleanup for completed tasks...       module=application app=main reqId=120eb840-f181-4777-b084-56511b14d04c dataSourceKey=main
2026-09-14 13:15:59 [debug] Found 0 tasks to cleanup                     module=application app=main reqId=120eb840-f181-4777-b084-56511b14d04c dataSourceKey=main
2026-09-14 13:16:59 [debug] Running cleanup for completed tasks...       module=application app=main reqId=120eb840-f181-4777-b084-56511b14d04c dataSourceKey=main
2026-09-14 13:16:59 [debug] Found 0 tasks to cleanup                     module=application app=main reqId=120eb840-f181-4777-b084-56511b14d04c dataSourceKey=main
2026-09-14 13:17:59 [debug] Running cleanup for completed tasks...       module=application app=main reqId=120eb840-f181-4777-b084-56511b14d04c dataSourceKey=main
2026-09-14 13:17:59 [debug] Found 0 tasks to cleanup                     module=application app=main reqId=120eb840-f181-4777-b084-56511b14d04c dataSourceKey=main
2026-09-14 13:18:59 [debug] Running cleanup for completed tasks...       module=application app=main reqId=120eb840-f181-4777-b084-56511b14d04c dataSourceKey=main
2026-09-14 13:19:00 [debug] Found 0 tasks to cleanup                     module=application app=main reqId=120eb840-f181-4777-b084-56511b14d04c dataSourceKey=main
2026-09-14 13:19:59 [debug] Running cleanup for completed tasks...       module=application app=main reqId=120eb840-f181-4777-b084-56511b14d04c dataSourceKey=main
2026-09-14 13:20:00 [debug] Found 0 tasks to cleanup                     module=application app=main reqId=120eb840-f181-4777-b084-56511b14d04c dataSourceKey=main
2026-09-14 13:20:03 [debug] Running cleanup for completed tasks...       module=application app=main reqId=120eb840-f181-4777-b084-56511b14d04c dataSourceKey=main
2026-09-14 13:46:07 [debug] Running cleanup for completed tasks...       module=application app=main reqId=120eb840-f181-4777-b084-56511b14d04c dataSourceKey=main
2026-09-14 13:47:07 [debug] Running cleanup for completed tasks...       module=application app=main reqId=120eb840-f181-4777-b084-56511b14d04c dataSourceKey=main
2026-09-14 13:48:07 [debug] Running cleanup for completed tasks...       module=application app=main reqId=120eb840-f181-4777-b084-56511b14d04c dataSourceKey=main
2026-09-14 13:49:07 [debug] Running cleanup for completed tasks...       module=application app=main reqId=120eb840-f181-4777-b084-56511b14d04c dataSourceKey=main
2026-09-14 13:49:07 [debug] Found 0 tasks to cleanup                     module=application app=main reqId=120eb840-f181-4777-b084-56511b14d04c dataSourceKey=main
2026-09-14 13:50:07 [debug] Running cleanup for completed tasks...       module=application app=main reqId=120eb840-f181-4777-b084-56511b14d04c dataSourceKey=main
2026-09-14 13:50:07 [debug] Found 0 tasks to cleanup                     module=application app=main reqId=120eb840-f181-4777-b084-56511b14d04c dataSourceKey=main
2026-09-14 13:51:07 [debug] Running cleanup for completed tasks...       module=application app=main reqId=120eb840-f181-4777-b084-56511b14d04c dataSourceKey=main
2026-09-14 13:51:07 [debug] Found 0 tasks to cleanup                     module=application app=main reqId=120eb840-f181-4777-b084-56511b14d04c dataSourceKey=main
2026-09-14 13:52:07 [debug] Running cleanup for completed tasks...       module=application app=main reqId=120eb840-f181-4777-b084-56511b14d04c dataSourceKey=main
2026-09-14 13:52:07 [debug] Found 0 tasks to cleanup                     module=application app=main reqId=120eb840-f181-4777-b084-56511b14d04c dataSourceKey=main
2026-09-14 13:53:07 [debug] Running cleanup for completed tasks...       module=application app=main reqId=120eb840-f181-4777-b084-56511b14d04c dataSourceKey=main
2026-09-14 13:53:07 [debug] Found 0 tasks to cleanup                     module=application app=main reqId=120eb840-f181-4777-b084-56511b14d04c dataSourceKey=main
2026-09-14 13:54:07 [debug] Running cleanup for completed tasks...       module=application app=main reqId=120eb840-f181-4777-b084-56511b14d04c dataSourceKey=main
2026-09-14 13:54:07 [debug] Found 0 tasks to cleanup                     module=application app=main reqId=120eb840-f181-4777-b084-56511b14d04c dataSourceKey=main
2026-09-14 13:55:07 [debug] Running cleanup for completed tasks...       module=application app=main reqId=120eb840-f181-4777-b084-56511b14d04c dataSourceKey=main
2026-09-14 13:55:07 [debug] Found 0 tasks to cleanup                     module=application app=main reqId=120eb840-f181-4777-b084-56511b14d04c dataSourceKey=main
2026-09-14 13:56:07 [debug] Running cleanup for completed tasks...       module=application app=main reqId=120eb840-f181-4777-b084-56511b14d04c dataSourceKey=main
2026-09-14 13:56:07 [debug] Found 0 tasks to cleanup                     module=application app=main reqId=120eb840-f181-4777-b084-56511b14d04c dataSourceKey=main
2026-09-14 13:57:07 [debug] Running cleanup for completed tasks...       module=application app=main reqId=120eb840-f181-4777-b084-56511b14d04c dataSourceKey=main
2026-09-14 13:57:07 [debug] Found 0 tasks to cleanup                     module=application app=main reqId=120eb840-f181-4777-b084-56511b14d04c dataSourceKey=main
2026-09-14 13:58:07 [debug] Running cleanup for completed tasks...       module=application app=main reqId=120eb840-f181-4777-b084-56511b14d04c dataSourceKey=main
2026-09-14 13:58:07 [debug] Found 0 tasks to cleanup                     module=application app=main reqId=120eb840-f181-4777-b084-56511b14d04c dataSourceKey=main
2026-09-14 13:59:07 [debug] Running cleanup for completed tasks...       module=application app=main reqId=120eb840-f181-4777-b084-56511b14d04c dataSourceKey=main
2026-09-14 13:59:07 [debug] Found 0 tasks to cleanup                     module=application app=main reqId=120eb840-f181-4777-b084-56511b14d04c dataSourceKey=main
2026-09-14 14:00:07 [debug] Running cleanup for completed tasks...       module=application app=main reqId=120eb840-f181-4777-b084-56511b14d04c dataSourceKey=main
2026-09-14 14:00:07 [debug] Found 0 tasks to cleanup                     module=application app=main reqId=120eb840-f181-4777-b084-56511b14d04c dataSourceKey=main
2026-09-14 14:01:07 [debug] Running cleanup for completed tasks...       module=application app=main reqId=120eb840-f181-4777-b084-56511b14d04c dataSourceKey=main
2026-09-14 14:01:07 [debug] Found 0 tasks to cleanup                     module=application app=main reqId=120eb840-f181-4777-b084-56511b14d04c dataSourceKey=main
2026-09-14 14:02:07 [debug] Running cleanup for completed tasks...       module=application app=main reqId=120eb840-f181-4777-b084-56511b14d04c dataSourceKey=main
2026-09-14 14:02:07 [debug] Found 0 tasks to cleanup                     module=application app=main reqId=120eb840-f181-4777-b084-56511b14d04c dataSourceKey=main
2026-09-14 14:03:07 [debug] Running cleanup for completed tasks...       module=application app=main reqId=120eb840-f181-4777-b084-56511b14d04c dataSourceKey=main
2026-09-14 14:03:07 [debug] Found 0 tasks to cleanup                     module=application app=main reqId=120eb840-f181-4777-b084-56511b14d04c dataSourceKey=main
2026-09-14 14:04:07 [debug] Running cleanup for completed tasks...       module=application app=main reqId=120eb840-f181-4777-b084-56511b14d04c dataSourceKey=main
2026-09-14 14:04:07 [debug] Found 0 tasks to cleanup                     module=application app=main reqId=120eb840-f181-4777-b084-56511b14d04c dataSourceKey=main
2026-09-14 14:05:07 [debug] Running cleanup for completed tasks...       module=application app=main reqId=120eb840-f181-4777-b084-56511b14d04c dataSourceKey=main
2026-09-14 14:05:07 [debug] Found 0 tasks to cleanup                     module=application app=main reqId=120eb840-f181-4777-b084-56511b14d04c dataSourceKey=main
2026-09-14 14:06:07 [debug] Running cleanup for completed tasks...       module=application app=main reqId=120eb840-f181-4777-b084-56511b14d04c dataSourceKey=main
2026-09-14 14:06:07 [debug] Found 0 tasks to cleanup                     module=application app=main reqId=120eb840-f181-4777-b084-56511b14d04c dataSourceKey=main
2026-09-14 14:07:07 [debug] Running cleanup for completed tasks...       module=application app=main reqId=120eb840-f181-4777-b084-56511b14d04c dataSourceKey=main
2026-09-14 14:07:07 [debug] Found 0 tasks to cleanup                     module=application app=main reqId=120eb840-f181-4777-b084-56511b14d04c dataSourceKey=main
2026-09-14 14:08:07 [debug] Running cleanup for completed tasks...       module=application app=main reqId=120eb840-f181-4777-b084-56511b14d04c dataSourceKey=main
2026-09-14 14:08:07 [debug] Found 0 tasks to cleanup                     module=application app=main reqId=120eb840-f181-4777-b084-56511b14d04c dataSourceKey=main
2026-09-14 14:09:07 [debug] Running cleanup for completed tasks...       module=application app=main reqId=120eb840-f181-4777-b084-56511b14d04c dataSourceKey=main
2026-09-14 14:09:07 [debug] Found 0 tasks to cleanup                     module=application app=main reqId=120eb840-f181-4777-b084-56511b14d04c dataSourceKey=main
2026-09-14 14:10:07 [debug] Running cleanup for completed tasks...       module=application app=main reqId=120eb840-f181-4777-b084-56511b14d04c dataSourceKey=main
2026-09-14 14:10:07 [debug] Found 0 tasks to cleanup                     module=application app=main reqId=120eb840-f181-4777-b084-56511b14d04c dataSourceKey=main
2026-09-14 14:11:07 [debug] Running cleanup for completed tasks...       module=application app=main reqId=120eb840-f181-4777-b084-56511b14d04c dataSourceKey=main
2026-09-14 14:11:07 [debug] Found 0 tasks to cleanup                     module=application app=main reqId=120eb840-f181-4777-b084-56511b14d04c dataSourceKey=main
2026-09-14 14:12:07 [debug] Running cleanup for completed tasks...       module=application app=main reqId=120eb840-f181-4777-b084-56511b14d04c dataSourceKey=main
2026-09-14 14:12:07 [debug] Found 0 tasks to cleanup                     module=application app=main reqId=120eb840-f181-4777-b084-56511b14d04c dataSourceKey=main
2026-09-14 14:13:07 [debug] Running cleanup for completed tasks...       module=application app=main reqId=120eb840-f181-4777-b084-56511b14d04c dataSourceKey=main
2026-09-14 14:13:07 [debug] Found 0 tasks to cleanup                     module=application app=main reqId=120eb840-f181-4777-b084-56511b14d04c dataSourceKey=main
2026-09-14 14:14:07 [debug] Running cleanup for completed tasks...       module=application app=main reqId=120eb840-f181-4777-b084-56511b14d04c dataSourceKey=main
2026-09-14 14:14:07 [debug] Found 0 tasks to cleanup                     module=application app=main reqId=120eb840-f181-4777-b084-56511b14d04c dataSourceKey=main
2026-09-14 14:15:07 [debug] Running cleanup for completed tasks...       module=application app=main reqId=120eb840-f181-4777-b084-56511b14d04c dataSourceKey=main
2026-09-14 14:15:08 [debug] Found 0 tasks to cleanup                     module=application app=main reqId=120eb840-f181-4777-b084-56511b14d04c dataSourceKey=main
2026-09-14 14:16:07 [debug] Running cleanup for completed tasks...       module=application app=main reqId=120eb840-f181-4777-b084-56511b14d04c dataSourceKey=main
2026-09-14 14:16:07 [debug] Found 0 tasks to cleanup                     module=application app=main reqId=120eb840-f181-4777-b084-56511b14d04c dataSourceKey=main
2026-09-14 14:17:07 [debug] Running cleanup for completed tasks...       module=application app=main reqId=120eb840-f181-4777-b084-56511b14d04c dataSourceKey=main
2026-09-14 14:17:08 [debug] Found 0 tasks to cleanup                     module=application app=main reqId=120eb840-f181-4777-b084-56511b14d04c dataSourceKey=main
2026-09-14 14:18:07 [debug] Running cleanup for completed tasks...       module=application app=main reqId=120eb840-f181-4777-b084-56511b14d04c dataSourceKey=main
2026-09-14 14:18:07 [debug] Found 0 tasks to cleanup                     module=application app=main reqId=120eb840-f181-4777-b084-56511b14d04c dataSourceKey=main
2026-09-14 14:19:07 [debug] Running cleanup for completed tasks...       module=application app=main reqId=120eb840-f181-4777-b084-56511b14d04c dataSourceKey=main
2026-09-14 14:19:07 [debug] Found 0 tasks to cleanup                     module=application app=main reqId=120eb840-f181-4777-b084-56511b14d04c dataSourceKey=main
2026-09-14 14:20:07 [debug] Running cleanup for completed tasks...       module=application app=main reqId=120eb840-f181-4777-b084-56511b14d04c dataSourceKey=main
2026-09-14 14:20:08 [debug] Found 0 tasks to cleanup                     module=application app=main reqId=120eb840-f181-4777-b084-56511b14d04c dataSourceKey=main
2026-09-14 14:21:07 [debug] Running cleanup for completed tasks...       module=application app=main reqId=120eb840-f181-4777-b084-56511b14d04c dataSourceKey=main
2026-09-14 14:21:07 [debug] Found 0 tasks to cleanup                     module=application app=main reqId=120eb840-f181-4777-b084-56511b14d04c dataSourceKey=main
2026-09-14 14:22:07 [debug] Running cleanup for completed tasks...       module=application app=main reqId=120eb840-f181-4777-b084-56511b14d04c dataSourceKey=main
2026-09-14 14:22:08 [debug] Found 0 tasks to cleanup                     module=application app=main reqId=120eb840-f181-4777-b084-56511b14d04c dataSourceKey=main
2026-09-14 14:23:07 [debug] Running cleanup for completed tasks...       module=application app=main reqId=120eb840-f181-4777-b084-56511b14d04c dataSourceKey=main
2026-09-14 14:23:08 [debug] Found 0 tasks to cleanup                     module=application app=main reqId=120eb840-f181-4777-b084-56511b14d04c dataSourceKey=main
2026-09-14 14:24:07 [debug] Running cleanup for completed tasks...       module=application app=main reqId=120eb840-f181-4777-b084-56511b14d04c dataSourceKey=main
2026-09-14 14:24:08 [debug] Found 0 tasks to cleanup                     module=application app=main reqId=120eb840-f181-4777-b084-56511b14d04c dataSourceKey=main
2026-09-14 14:25:07 [debug] Running cleanup for completed tasks...       module=application app=main reqId=120eb840-f181-4777-b084-56511b14d04c dataSourceKey=main
2026-09-14 14:25:07 [debug] Found 0 tasks to cleanup                     module=application app=main reqId=120eb840-f181-4777-b084-56511b14d04c dataSourceKey=main
2026-09-14 14:26:07 [debug] Running cleanup for completed tasks...       module=application app=main reqId=120eb840-f181-4777-b084-56511b14d04c dataSourceKey=main
2026-09-14 14:26:08 [debug] Found 0 tasks to cleanup                     module=application app=main reqId=120eb840-f181-4777-b084-56511b14d04c dataSourceKey=main
2026-09-14 14:27:07 [debug] Running cleanup for completed tasks...       module=application app=main reqId=120eb840-f181-4777-b084-56511b14d04c dataSourceKey=main
2026-09-14 14:27:08 [debug] Found 0 tasks to cleanup                     module=application app=main reqId=120eb840-f181-4777-b084-56511b14d04c dataSourceKey=main
2026-09-14 14:28:07 [debug] Running cleanup for completed tasks...       module=application app=main reqId=120eb840-f181-4777-b084-56511b14d04c dataSourceKey=main
2026-09-14 14:28:08 [debug] Found 0 tasks to cleanup                     module=application app=main reqId=120eb840-f181-4777-b084-56511b14d04c dataSourceKey=main
2026-09-14 14:29:07 [debug] Running cleanup for completed tasks...       module=application app=main reqId=120eb840-f181-4777-b084-56511b14d04c dataSourceKey=main
2026-09-14 14:29:08 [debug] Found 0 tasks to cleanup                     module=application app=main reqId=120eb840-f181-4777-b084-56511b14d04c dataSourceKey=main
2026-09-14 14:30:08 [debug] Running cleanup for completed tasks...       module=application app=main reqId=120eb840-f181-4777-b084-56511b14d04c dataSourceKey=main
2026-09-14 14:30:08 [debug] Found 0 tasks to cleanup                     module=application app=main reqId=120eb840-f181-4777-b084-56511b14d04c dataSourceKey=main
2026-09-14 14:31:08 [debug] Running cleanup for completed tasks...       module=application app=main reqId=120eb840-f181-4777-b084-56511b14d04c dataSourceKey=main
2026-09-14 14:31:08 [debug] Found 0 tasks to cleanup                     module=application app=main reqId=120eb840-f181-4777-b084-56511b14d04c dataSourceKey=main
2026-09-14 14:32:08 [debug] Running cleanup for completed tasks...       module=application app=main reqId=120eb840-f181-4777-b084-56511b14d04c dataSourceKey=main
2026-09-14 14:32:08 [debug] Found 0 tasks to cleanup                     module=application app=main reqId=120eb840-f181-4777-b084-56511b14d04c dataSourceKey=main
2026-09-14 14:33:08 [debug] Running cleanup for completed tasks...       module=application app=main reqId=120eb840-f181-4777-b084-56511b14d04c dataSourceKey=main
2026-09-14 14:33:08 [debug] Found 0 tasks to cleanup                     module=application app=main reqId=120eb840-f181-4777-b084-56511b14d04c dataSourceKey=main
2026-09-14 14:34:08 [debug] Running cleanup for completed tasks...       module=application app=main reqId=120eb840-f181-4777-b084-56511b14d04c dataSourceKey=main
2026-09-14 14:34:08 [debug] Found 0 tasks to cleanup                     module=application app=main reqId=120eb840-f181-4777-b084-56511b14d04c dataSourceKey=main
2026-09-14 14:35:08 [debug] Running cleanup for completed tasks...       module=application app=main reqId=120eb840-f181-4777-b084-56511b14d04c dataSourceKey=main
2026-09-14 14:35:08 [debug] Found 0 tasks to cleanup                     module=application app=main reqId=120eb840-f181-4777-b084-56511b14d04c dataSourceKey=main
2026-09-14 14:36:08 [debug] Running cleanup for completed tasks...       module=application app=main reqId=120eb840-f181-4777-b084-56511b14d04c dataSourceKey=main
2026-09-14 14:36:08 [debug] Found 0 tasks to cleanup                     module=application app=main reqId=120eb840-f181-4777-b084-56511b14d04c dataSourceKey=main
2026-09-14 14:37:08 [debug] Running cleanup for completed tasks...       module=application app=main reqId=120eb840-f181-4777-b084-56511b14d04c dataSourceKey=main
2026-09-14 14:37:08 [debug] Found 0 tasks to cleanup                     module=application app=main reqId=120eb840-f181-4777-b084-56511b14d04c dataSourceKey=main
2026-09-14 14:38:08 [debug] Running cleanup for completed tasks...       module=application app=main reqId=120eb840-f181-4777-b084-56511b14d04c dataSourceKey=main
2026-09-14 14:38:08 [debug] Found 0 tasks to cleanup                     module=application app=main reqId=120eb840-f181-4777-b084-56511b14d04c dataSourceKey=main
2026-09-14 14:39:08 [debug] Running cleanup for completed tasks...       module=application app=main reqId=120eb840-f181-4777-b084-56511b14d04c dataSourceKey=main
2026-09-14 14:39:08 [debug] Found 0 tasks to cleanup                     module=application app=main reqId=120eb840-f181-4777-b084-56511b14d04c dataSourceKey=main
2026-09-14 14:40:08 [debug] Running cleanup for completed tasks...       module=application app=main reqId=120eb840-f181-4777-b084-56511b14d04c dataSourceKey=main
2026-09-14 14:40:08 [debug] Found 0 tasks to cleanup                     module=application app=main reqId=120eb840-f181-4777-b084-56511b14d04c dataSourceKey=main
2026-09-14 14:41:08 [debug] Running cleanup for completed tasks...       module=application app=main reqId=120eb840-f181-4777-b084-56511b14d04c dataSourceKey=main
2026-09-14 14:41:08 [debug] Found 0 tasks to cleanup                     module=application app=main reqId=120eb840-f181-4777-b084-56511b14d04c dataSourceKey=main
2026-09-14 14:42:08 [debug] Running cleanup for completed tasks...       module=application app=main reqId=120eb840-f181-4777-b084-56511b14d04c dataSourceKey=main
2026-09-14 14:42:08 [debug] Found 0 tasks to cleanup                     module=application app=main reqId=120eb840-f181-4777-b084-56511b14d04c dataSourceKey=main
2026-09-14 14:43:08 [debug] Running cleanup for completed tasks...       module=application app=main reqId=120eb840-f181-4777-b084-56511b14d04c dataSourceKey=main
2026-09-14 14:43:08 [debug] Found 0 tasks to cleanup                     module=application app=main reqId=120eb840-f181-4777-b084-56511b14d04c dataSourceKey=main
2026-09-14 14:44:08 [debug] Running cleanup for completed tasks...       module=application app=main reqId=120eb840-f181-4777-b084-56511b14d04c dataSourceKey=main
2026-09-14 14:44:08 [debug] Found 0 tasks to cleanup                     module=application app=main reqId=120eb840-f181-4777-b084-56511b14d04c dataSourceKey=main
2026-09-14 14:45:08 [debug] Running cleanup for completed tasks...       module=application app=main reqId=120eb840-f181-4777-b084-56511b14d04c dataSourceKey=main
2026-09-14 14:45:08 [debug] Found 0 tasks to cleanup                     module=application app=main reqId=120eb840-f181-4777-b084-56511b14d04c dataSourceKey=main
2026-09-14 14:46:08 [debug] Running cleanup for completed tasks...       module=application app=main reqId=120eb840-f181-4777-b084-56511b14d04c dataSourceKey=main
2026-09-14 14:46:08 [debug] Found 0 tasks to cleanup                     module=application app=main reqId=120eb840-f181-4777-b084-56511b14d04c dataSourceKey=main
2026-09-14 14:47:08 [debug] Running cleanup for completed tasks...       module=application app=main reqId=120eb840-f181-4777-b084-56511b14d04c dataSourceKey=main
2026-09-14 14:47:08 [debug] Found 0 tasks to cleanup                     module=application app=main reqId=120eb840-f181-4777-b084-56511b14d04c dataSourceKey=main
2026-09-14 14:48:08 [debug] Running cleanup for completed tasks...       module=application app=main reqId=120eb840-f181-4777-b084-56511b14d04c dataSourceKey=main
2026-09-14 14:48:08 [debug] Found 0 tasks to cleanup                     module=application app=main reqId=120eb840-f181-4777-b084-56511b14d04c dataSourceKey=main
2026-09-14 14:49:08 [debug] Running cleanup for completed tasks...       module=application app=main reqId=120eb840-f181-4777-b084-56511b14d04c dataSourceKey=main
2026-09-14 14:49:08 [debug] Found 0 tasks to cleanup                     module=application app=main reqId=120eb840-f181-4777-b084-56511b14d04c dataSourceKey=main
2026-09-14 14:50:08 [debug] Running cleanup for completed tasks...       module=application app=main reqId=120eb840-f181-4777-b084-56511b14d04c dataSourceKey=main
2026-09-14 14:50:08 [debug] Found 0 tasks to cleanup                     module=application app=main reqId=120eb840-f181-4777-b084-56511b14d04c dataSourceKey=main
2026-09-14 14:51:08 [debug] Running cleanup for completed tasks...       module=application app=main reqId=120eb840-f181-4777-b084-56511b14d04c dataSourceKey=main
2026-09-14 14:51:08 [debug] Found 0 tasks to cleanup                     module=application app=main reqId=120eb840-f181-4777-b084-56511b14d04c dataSourceKey=main
2026-09-14 14:52:08 [debug] Running cleanup for completed tasks...       module=application app=main reqId=120eb840-f181-4777-b084-56511b14d04c dataSourceKey=main
2026-09-14 14:52:08 [debug] Found 0 tasks to cleanup                     module=application app=main reqId=120eb840-f181-4777-b084-56511b14d04c dataSourceKey=main
2026-09-14 14:53:08 [debug] Running cleanup for completed tasks...       module=application app=main reqId=120eb840-f181-4777-b084-56511b14d04c dataSourceKey=main
2026-09-14 14:53:08 [debug] Found 0 tasks to cleanup                     module=application app=main reqId=120eb840-f181-4777-b084-56511b14d04c dataSourceKey=main
2026-09-14 14:54:08 [debug] Running cleanup for completed tasks...       module=application app=main reqId=120eb840-f181-4777-b084-56511b14d04c dataSourceKey=main
2026-09-14 14:54:08 [debug] Found 0 tasks to cleanup                     module=application app=main reqId=120eb840-f181-4777-b084-56511b14d04c dataSourceKey=main
2026-09-14 14:55:08 [debug] Running cleanup for completed tasks...       module=application app=main reqId=120eb840-f181-4777-b084-56511b14d04c dataSourceKey=main
2026-09-14 14:55:08 [debug] Found 0 tasks to cleanup                     module=application app=main reqId=120eb840-f181-4777-b084-56511b14d04c dataSourceKey=main
2026-09-14 14:56:08 [debug] Running cleanup for completed tasks...       module=application app=main reqId=120eb840-f181-4777-b084-56511b14d04c dataSourceKey=main
2026-09-14 14:56:08 [debug] Found 0 tasks to cleanup                     module=application app=main reqId=120eb840-f181-4777-b084-56511b14d04c dataSourceKey=main
2026-09-14 14:57:08 [debug] Running cleanup for completed tasks...       module=application app=main reqId=120eb840-f181-4777-b084-56511b14d04c dataSourceKey=main
2026-09-14 14:57:08 [debug] Found 0 tasks to cleanup                     module=application app=main reqId=120eb840-f181-4777-b084-56511b14d04c dataSourceKey=main
2026-09-14 14:58:08 [debug] Running cleanup for completed tasks...       module=application app=main reqId=120eb840-f181-4777-b084-56511b14d04c dataSourceKey=main
2026-09-14 14:58:08 [debug] Found 0 tasks to cleanup                     module=application app=main reqId=120eb840-f181-4777-b084-56511b14d04c dataSourceKey=main
2026-09-14 14:59:08 [debug] Running cleanup for completed tasks...       module=application app=main reqId=120eb840-f181-4777-b084-56511b14d04c dataSourceKey=main
2026-09-14 14:59:08 [debug] Found 0 tasks to cleanup                     module=application app=main reqId=120eb840-f181-4777-b084-56511b14d04c dataSourceKey=main
2026-09-14 15:00:08 [debug] Running cleanup for completed tasks...       module=application app=main reqId=120eb840-f181-4777-b084-56511b14d04c dataSourceKey=main
2026-09-14 15:00:08 [debug] Found 0 tasks to cleanup                     module=application app=main reqId=120eb840-f181-4777-b084-56511b14d04c dataSourceKey=main
2026-09-14 15:01:08 [debug] Running cleanup for completed tasks...       module=application app=main reqId=120eb840-f181-4777-b084-56511b14d04c dataSourceKey=main
2026-09-14 15:01:08 [debug] Found 0 tasks to cleanup                     module=application app=main reqId=120eb840-f181-4777-b084-56511b14d04c dataSourceKey=main
2026-09-14 15:02:08 [debug] Running cleanup for completed tasks...       module=application app=main reqId=120eb840-f181-4777-b084-56511b14d04c dataSourceKey=main
2026-09-14 15:02:08 [debug] Found 0 tasks to cleanup                     module=application app=main reqId=120eb840-f181-4777-b084-56511b14d04c dataSourceKey=main
2026-09-14 15:03:08 [debug] Running cleanup for completed tasks...       module=application app=main reqId=120eb840-f181-4777-b084-56511b14d04c dataSourceKey=main
2026-09-14 15:03:08 [debug] Found 0 tasks to cleanup                     module=application app=main reqId=120eb840-f181-4777-b084-56511b14d04c dataSourceKey=main
2026-09-14 15:04:08 [debug] Running cleanup for completed tasks...       module=application app=main reqId=120eb840-f181-4777-b084-56511b14d04c dataSourceKey=main
2026-09-14 15:04:08 [debug] Found 0 tasks to cleanup                     module=application app=main reqId=120eb840-f181-4777-b084-56511b14d04c dataSourceKey=main
2026-09-14 15:41:36 [debug] Running cleanup for completed tasks...       module=application app=main reqId=120eb840-f181-4777-b084-56511b14d04c dataSourceKey=main
2026-09-14 15:42:36 [debug] Running cleanup for completed tasks...       module=application app=main reqId=120eb840-f181-4777-b084-56511b14d04c dataSourceKey=main
2026-09-14 15:42:36 [debug] Found 0 tasks to cleanup                     module=application app=main reqId=120eb840-f181-4777-b084-56511b14d04c dataSourceKey=main
2026-09-14 15:43:36 [debug] Running cleanup for completed tasks...       module=application app=main reqId=120eb840-f181-4777-b084-56511b14d04c dataSourceKey=main
2026-09-14 15:43:36 [debug] Found 0 tasks to cleanup                     module=application app=main reqId=120eb840-f181-4777-b084-56511b14d04c dataSourceKey=main
2026-09-14 15:44:36 [debug] Running cleanup for completed tasks...       module=application app=main reqId=120eb840-f181-4777-b084-56511b14d04c dataSourceKey=main
2026-09-14 15:44:36 [debug] Found 0 tasks to cleanup                     module=application app=main reqId=120eb840-f181-4777-b084-56511b14d04c dataSourceKey=main
2026-09-14 15:45:36 [debug] Running cleanup for completed tasks...       module=application app=main reqId=120eb840-f181-4777-b084-56511b14d04c dataSourceKey=main
2026-09-14 15:45:36 [debug] Found 0 tasks to cleanup                     module=application app=main reqId=120eb840-f181-4777-b084-56511b14d04c dataSourceKey=main
2026-09-14 15:46:36 [debug] Running cleanup for completed tasks...       module=application app=main reqId=120eb840-f181-4777-b084-56511b14d04c dataSourceKey=main
2026-09-14 15:46:36 [debug] Found 0 tasks to cleanup                     module=application app=main reqId=120eb840-f181-4777-b084-56511b14d04c dataSourceKey=main
2026-09-14 15:47:36 [debug] Running cleanup for completed tasks...       module=application app=main reqId=120eb840-f181-4777-b084-56511b14d04c dataSourceKey=main
2026-09-14 15:47:37 [debug] Found 0 tasks to cleanup                     module=application app=main reqId=120eb840-f181-4777-b084-56511b14d04c dataSourceKey=main
2026-09-14 15:48:36 [debug] Running cleanup for completed tasks...       module=application app=main reqId=120eb840-f181-4777-b084-56511b14d04c dataSourceKey=main
2026-09-14 15:48:36 [debug] Found 0 tasks to cleanup                     module=application app=main reqId=120eb840-f181-4777-b084-56511b14d04c dataSourceKey=main
2026-09-14 15:49:36 [debug] Running cleanup for completed tasks...       module=application app=main reqId=120eb840-f181-4777-b084-56511b14d04c dataSourceKey=main
2026-09-14 15:49:36 [debug] Found 0 tasks to cleanup                     module=application app=main reqId=120eb840-f181-4777-b084-56511b14d04c dataSourceKey=main
2026-09-14 15:50:36 [debug] Running cleanup for completed tasks...       module=application app=main reqId=120eb840-f181-4777-b084-56511b14d04c dataSourceKey=main
2026-09-14 15:50:36 [debug] Found 0 tasks to cleanup                     module=application app=main reqId=120eb840-f181-4777-b084-56511b14d04c dataSourceKey=main
2026-09-14 15:51:36 [debug] Running cleanup for completed tasks...       module=application app=main reqId=120eb840-f181-4777-b084-56511b14d04c dataSourceKey=main
2026-09-14 15:51:36 [debug] Found 0 tasks to cleanup                     module=application app=main reqId=120eb840-f181-4777-b084-56511b14d04c dataSourceKey=main
2026-09-14 15:52:36 [debug] Running cleanup for completed tasks...       module=application app=main reqId=120eb840-f181-4777-b084-56511b14d04c dataSourceKey=main
2026-09-14 15:52:36 [debug] Found 0 tasks to cleanup                     module=application app=main reqId=120eb840-f181-4777-b084-56511b14d04c dataSourceKey=main
2026-09-14 15:53:36 [debug] Running cleanup for completed tasks...       module=application app=main reqId=120eb840-f181-4777-b084-56511b14d04c dataSourceKey=main
2026-09-14 15:53:36 [debug] Found 0 tasks to cleanup                     module=application app=main reqId=120eb840-f181-4777-b084-56511b14d04c dataSourceKey=main
2026-09-14 15:54:36 [debug] Running cleanup for completed tasks...       module=application app=main reqId=120eb840-f181-4777-b084-56511b14d04c dataSourceKey=main
2026-09-14 15:54:36 [debug] Found 0 tasks to cleanup                     module=application app=main reqId=120eb840-f181-4777-b084-56511b14d04c dataSourceKey=main
2026-09-14 15:55:36 [debug] Running cleanup for completed tasks...       module=application app=main reqId=120eb840-f181-4777-b084-56511b14d04c dataSourceKey=main
2026-09-14 15:55:37 [debug] Found 0 tasks to cleanup                     module=application app=main reqId=120eb840-f181-4777-b084-56511b14d04c dataSourceKey=main
2026-09-14 15:56:36 [debug] Running cleanup for completed tasks...       module=application app=main reqId=120eb840-f181-4777-b084-56511b14d04c dataSourceKey=main
2026-09-14 15:56:36 [debug] Found 0 tasks to cleanup                     module=application app=main reqId=120eb840-f181-4777-b084-56511b14d04c dataSourceKey=main
2026-09-14 15:57:36 [debug] Running cleanup for completed tasks...       module=application app=main reqId=120eb840-f181-4777-b084-56511b14d04c dataSourceKey=main
2026-09-14 15:57:36 [debug] Found 0 tasks to cleanup                     module=application app=main reqId=120eb840-f181-4777-b084-56511b14d04c dataSourceKey=main
2026-09-14 15:58:36 [debug] Running cleanup for completed tasks...       module=application app=main reqId=120eb840-f181-4777-b084-56511b14d04c dataSourceKey=main
2026-09-14 15:58:36 [debug] Found 0 tasks to cleanup                     module=application app=main reqId=120eb840-f181-4777-b084-56511b14d04c dataSourceKey=main
2026-09-14 15:59:36 [debug] Running cleanup for completed tasks...       module=application app=main reqId=120eb840-f181-4777-b084-56511b14d04c dataSourceKey=main
2026-09-14 15:59:37 [debug] Found 0 tasks to cleanup                     module=application app=main reqId=120eb840-f181-4777-b084-56511b14d04c dataSourceKey=main
2026-09-14 16:00:36 [debug] Running cleanup for completed tasks...       module=application app=main reqId=120eb840-f181-4777-b084-56511b14d04c dataSourceKey=main
2026-09-14 16:01:36 [debug] Running cleanup for completed tasks...       module=application app=main reqId=120eb840-f181-4777-b084-56511b14d04c dataSourceKey=main
2026-09-14 16:02:36 [debug] Running cleanup for completed tasks...       module=application app=main reqId=120eb840-f181-4777-b084-56511b14d04c dataSourceKey=main
2026-09-14 16:03:36 [debug] Running cleanup for completed tasks...       module=application app=main reqId=120eb840-f181-4777-b084-56511b14d04c dataSourceKey=main
2026-09-14 16:03:36 [debug] Found 0 tasks to cleanup                     module=application app=main reqId=120eb840-f181-4777-b084-56511b14d04c dataSourceKey=main
2026-09-14 16:04:36 [debug] Running cleanup for completed tasks...       module=application app=main reqId=120eb840-f181-4777-b084-56511b14d04c dataSourceKey=main
2026-09-14 16:05:36 [debug] Running cleanup for completed tasks...       module=application app=main reqId=120eb840-f181-4777-b084-56511b14d04c dataSourceKey=main
2026-09-14 16:05:36 [debug] Found 0 tasks to cleanup                     module=application app=main reqId=120eb840-f181-4777-b084-56511b14d04c dataSourceKey=main
2026-09-14 16:06:36 [debug] Running cleanup for completed tasks...       module=application app=main reqId=120eb840-f181-4777-b084-56511b14d04c dataSourceKey=main
2026-09-14 16:06:36 [debug] Found 0 tasks to cleanup                     module=application app=main reqId=120eb840-f181-4777-b084-56511b14d04c dataSourceKey=main
2026-09-14 16:07:36 [debug] Running cleanup for completed tasks...       module=application app=main reqId=120eb840-f181-4777-b084-56511b14d04c dataSourceKey=main
2026-09-14 16:07:36 [debug] Found 0 tasks to cleanup                     module=application app=main reqId=120eb840-f181-4777-b084-56511b14d04c dataSourceKey=main
2026-09-14 16:08:36 [debug] Running cleanup for completed tasks...       module=application app=main reqId=120eb840-f181-4777-b084-56511b14d04c dataSourceKey=main
2026-09-14 16:08:36 [debug] Found 0 tasks to cleanup                     module=application app=main reqId=120eb840-f181-4777-b084-56511b14d04c dataSourceKey=main
2026-09-14 16:09:36 [debug] Running cleanup for completed tasks...       module=application app=main reqId=120eb840-f181-4777-b084-56511b14d04c dataSourceKey=main
2026-09-14 16:09:36 [debug] Found 0 tasks to cleanup                     module=application app=main reqId=120eb840-f181-4777-b084-56511b14d04c dataSourceKey=main
2026-09-14 16:10:36 [debug] Running cleanup for completed tasks...       module=application app=main reqId=120eb840-f181-4777-b084-56511b14d04c dataSourceKey=main
2026-09-14 16:10:36 [debug] Found 0 tasks to cleanup                     module=application app=main reqId=120eb840-f181-4777-b084-56511b14d04c dataSourceKey=main
2026-09-14 16:11:36 [debug] Running cleanup for completed tasks...       module=application app=main reqId=120eb840-f181-4777-b084-56511b14d04c dataSourceKey=main
2026-09-14 16:11:36 [debug] Found 0 tasks to cleanup                     module=application app=main reqId=120eb840-f181-4777-b084-56511b14d04c dataSourceKey=main
2026-09-14 16:12:36 [debug] Running cleanup for completed tasks...       module=application app=main reqId=120eb840-f181-4777-b084-56511b14d04c dataSourceKey=main
2026-09-14 16:12:36 [debug] Found 0 tasks to cleanup                     module=application app=main reqId=120eb840-f181-4777-b084-56511b14d04c dataSourceKey=main
2026-09-14 16:13:36 [debug] Running cleanup for completed tasks...       module=application app=main reqId=120eb840-f181-4777-b084-56511b14d04c dataSourceKey=main
2026-09-14 16:13:37 [debug] Found 0 tasks to cleanup                     module=application app=main reqId=120eb840-f181-4777-b084-56511b14d04c dataSourceKey=main
2026-09-14 16:14:36 [debug] Running cleanup for completed tasks...       module=application app=main reqId=120eb840-f181-4777-b084-56511b14d04c dataSourceKey=main
2026-09-14 16:14:36 [debug] Found 0 tasks to cleanup                     module=application app=main reqId=120eb840-f181-4777-b084-56511b14d04c dataSourceKey=main
2026-09-14 16:15:36 [debug] Running cleanup for completed tasks...       module=application app=main reqId=120eb840-f181-4777-b084-56511b14d04c dataSourceKey=main
2026-09-14 16:15:36 [debug] Found 0 tasks to cleanup                     module=application app=main reqId=120eb840-f181-4777-b084-56511b14d04c dataSourceKey=main
2026-09-14 16:16:36 [debug] Running cleanup for completed tasks...       module=application app=main reqId=120eb840-f181-4777-b084-56511b14d04c dataSourceKey=main
2026-09-14 16:16:36 [debug] Found 0 tasks to cleanup                     module=application app=main reqId=120eb840-f181-4777-b084-56511b14d04c dataSourceKey=main
2026-09-14 16:18:33 [debug] Running cleanup for completed tasks...       module=application app=main reqId=120eb840-f181-4777-b084-56511b14d04c dataSourceKey=main
2026-09-14 16:18:34 [debug] Found 0 tasks to cleanup                     module=application app=main reqId=120eb840-f181-4777-b084-56511b14d04c dataSourceKey=main
2026-09-14 16:19:33 [debug] Running cleanup for completed tasks...       module=application app=main reqId=120eb840-f181-4777-b084-56511b14d04c dataSourceKey=main
2026-09-14 16:19:34 [debug] Found 0 tasks to cleanup                     module=application app=main reqId=120eb840-f181-4777-b084-56511b14d04c dataSourceKey=main
2026-09-14 16:20:33 [debug] Running cleanup for completed tasks...       module=application app=main reqId=120eb840-f181-4777-b084-56511b14d04c dataSourceKey=main
2026-09-14 16:20:34 [debug] Found 0 tasks to cleanup                     module=application app=main reqId=120eb840-f181-4777-b084-56511b14d04c dataSourceKey=main
2026-09-14 16:21:33 [debug] Running cleanup for completed tasks...       module=application app=main reqId=120eb840-f181-4777-b084-56511b14d04c dataSourceKey=main
2026-09-14 16:21:33 [debug] Found 0 tasks to cleanup                     module=application app=main reqId=120eb840-f181-4777-b084-56511b14d04c dataSourceKey=main
2026-09-14 16:22:33 [debug] Running cleanup for completed tasks...       module=application app=main reqId=120eb840-f181-4777-b084-56511b14d04c dataSourceKey=main
2026-09-14 16:22:33 [debug] Found 0 tasks to cleanup                     module=application app=main reqId=120eb840-f181-4777-b084-56511b14d04c dataSourceKey=main
2026-09-14 16:23:33 [debug] Running cleanup for completed tasks...       module=application app=main reqId=120eb840-f181-4777-b084-56511b14d04c dataSourceKey=main
2026-09-14 16:23:33 [debug] Found 0 tasks to cleanup                     module=application app=main reqId=120eb840-f181-4777-b084-56511b14d04c dataSourceKey=main
2026-09-14 16:24:33 [debug] Running cleanup for completed tasks...       module=application app=main reqId=120eb840-f181-4777-b084-56511b14d04c dataSourceKey=main
2026-09-14 16:24:34 [debug] Found 0 tasks to cleanup                     module=application app=main reqId=120eb840-f181-4777-b084-56511b14d04c dataSourceKey=main
2026-09-14 16:25:33 [debug] Running cleanup for completed tasks...       module=application app=main reqId=120eb840-f181-4777-b084-56511b14d04c dataSourceKey=main
2026-09-14 16:25:34 [debug] Found 0 tasks to cleanup                     module=application app=main reqId=120eb840-f181-4777-b084-56511b14d04c dataSourceKey=main
2026-09-14 16:26:33 [debug] Running cleanup for completed tasks...       module=application app=main reqId=120eb840-f181-4777-b084-56511b14d04c dataSourceKey=main
2026-09-14 16:26:34 [debug] Found 0 tasks to cleanup                     module=application app=main reqId=120eb840-f181-4777-b084-56511b14d04c dataSourceKey=main
2026-09-14 16:27:33 [debug] Running cleanup for completed tasks...       module=application app=main reqId=120eb840-f181-4777-b084-56511b14d04c dataSourceKey=main
2026-09-14 16:27:34 [debug] Found 0 tasks to cleanup                     module=application app=main reqId=120eb840-f181-4777-b084-56511b14d04c dataSourceKey=main
2026-09-14 16:28:33 [debug] Running cleanup for completed tasks...       module=application app=main reqId=120eb840-f181-4777-b084-56511b14d04c dataSourceKey=main
2026-09-14 16:28:33 [debug] Found 0 tasks to cleanup                     module=application app=main reqId=120eb840-f181-4777-b084-56511b14d04c dataSourceKey=main
2026-09-14 16:29:33 [debug] Running cleanup for completed tasks...       module=application app=main reqId=120eb840-f181-4777-b084-56511b14d04c dataSourceKey=main
2026-09-14 16:29:33 [debug] Found 0 tasks to cleanup                     module=application app=main reqId=120eb840-f181-4777-b084-56511b14d04c dataSourceKey=main
2026-09-14 16:30:33 [debug] Running cleanup for completed tasks...       module=application app=main reqId=120eb840-f181-4777-b084-56511b14d04c dataSourceKey=main
2026-09-14 16:30:34 [debug] Found 0 tasks to cleanup                     module=application app=main reqId=120eb840-f181-4777-b084-56511b14d04c dataSourceKey=main
2026-09-14 16:31:33 [debug] Running cleanup for completed tasks...       module=application app=main reqId=120eb840-f181-4777-b084-56511b14d04c dataSourceKey=main
2026-09-14 16:31:34 [debug] Found 0 tasks to cleanup                     module=application app=main reqId=120eb840-f181-4777-b084-56511b14d04c dataSourceKey=main
2026-09-14 16:32:33 [debug] Running cleanup for completed tasks...       module=application app=main reqId=120eb840-f181-4777-b084-56511b14d04c dataSourceKey=main
2026-09-14 16:32:33 [debug] Found 0 tasks to cleanup                     module=application app=main reqId=120eb840-f181-4777-b084-56511b14d04c dataSourceKey=main
